"date","rank0","rank1","rank2","rank3","rank4","rank9","rank14","rank29"
"1996-09-16",326,271,233,161,161,94,67,38
"1996-09-27",410,344,342,277,251,143,95,57
"1996-10-04",348,346,279,257,204,136,96,54
"1996-10-18",328,294,283,262,222,137,105,57
"1996-10-25",335,291,280,262,216,135,107,52
"1996-11-01",441,288,287,222,216,132,92,48
"1996-11-08",472,294,294,284,215,131,92,46
"1996-11-15",341,326,308,293,213,136,89,42
"1996-11-22",347,300,294,237,217,108,78,40
"1997-02-21",476,322,286,228,219,88,74,44
"1997-02-28",452,321,291,288,232,94,74,42
"1997-03-14",459,323,286,255,200,101,72,44
"1997-03-21",476,323,296,262,200,98,73,43
"1997-03-28",471,321,288,257,200,100,72,45
"1997-04-04",465,321,285,259,227,81,69,43
"1997-04-11",341,322,290,271,227,81,70,43
"1997-04-18",344,311,281,278,226,84,70,44
"1997-04-25",344,317,278,253,222,79,69,43
"1997-05-02",348,315,274,233,209,78,63,44
"1997-05-16",343,209,134,130,99,75,61,42
"1997-05-23",340,318,206,134,131,76,59,41
"1997-05-30",341,319,204,138,132,76,63,42
"1997-06-06",334,318,263,132,131,77,66,43
"1997-06-13",323,287,258,132,119,80,64,41
"1997-06-20",318,318,257,135,132,92,64,43
"1997-06-27",562,323,317,250,135,99,66,41
"1997-07-11",305,241,224,161,127,94,62,37
"1997-07-18",323,222,212,200,168,94,72,41
"1997-07-25",324,224,221,213,172,97,69,42
"1997-08-08",340,325,220,216,207,99,70,41
"1997-08-15",340,325,239,199,162,98,64,37
"1997-08-22",345,333,235,220,207,99,85,39
"1997-08-29",348,219,207,169,111,92,60,36
"1997-09-05",342,221,206,174,116,95,57,35
"1997-09-12",349,237,223,210,166,97,63,36
"1997-09-19",344,231,226,200,125,76,54,34
"1997-09-26",113,99,54,48,47,28,22,12
"1997-10-03",910,221,215,180,133,77,63,36
"1997-10-10",352,228,214,177,116,85,64,38
"1997-10-24",350,222,193,192,154,77,59,36
"1997-10-31",327,235,216,189,151,79,60,36
"1997-11-14",1275,317,233,217,187,80,62,37
"1997-11-21",355,235,218,185,156,71,58,35
"1997-11-28",294,221,204,164,150,71,59,36
"1997-12-05",313,247,220,204,170,72,59,37
"1997-12-12",310,210,193,169,151,62,56,34
"1997-12-19",307,216,211,169,151,62,55,34
"1997-12-26",99,48,45,40,34,22,18,10
"1998-01-02",307,218,207,172,157,65,55,39
"1998-01-09",292,212,209,172,147,72,55,36
"1998-01-16",306,212,205,171,150,72,55,37
"1998-01-23",309,235,214,204,177,70,55,37
"1998-01-30",340,243,209,197,181,76,58,38
"1998-02-20",272,264,224,165,153,72,55,37
"1998-02-27",223,203,172,164,161,72,54,37
"1998-03-06",223,209,175,161,153,72,56,39
"1998-03-13",222,219,182,162,155,63,55,37
"1998-03-27",224,217,205,165,159,68,55,37
"1998-04-03",225,210,182,164,159,68,55,36
"1998-04-10",224,215,211,165,157,72,58,38
"1998-04-17",222,216,212,168,164,74,59,36
"1998-04-24",244,224,209,176,163,74,60,36
"1998-05-01",242,224,219,183,178,72,58,36
"1998-05-08",235,227,224,193,181,70,58,37
"1998-05-15",225,223,220,193,177,69,59,38
"1998-05-22",284,224,219,184,178,69,53,37
"1998-05-29",285,230,206,189,183,69,58,37
"1998-06-05",226,210,188,184,179,67,58,36
"1998-06-12",223,210,193,192,189,67,59,36
"1998-06-19",221,208,197,191,188,68,58,36
"1998-06-26",205,205,198,195,191,70,62,37
"1998-07-03",205,205,198,195,191,70,62,37
"1998-07-10",208,204,204,202,195,70,57,37
"1998-07-17",207,205,202,196,193,81,57,37
"1998-07-24",212,203,200,196,178,70,57,37
"1998-07-31",218,201,194,189,176,70,55,37
"1998-08-07",231,203,190,184,166,82,61,37
"1998-08-14",232,200,191,187,160,84,58,37
"1998-08-21",234,231,191,187,158,83,58,36
"1998-08-28",232,226,198,186,157,81,66,36
"1998-09-04",224,197,185,157,155,77,58,34
"1998-09-11",229,197,187,178,157,76,58,31
"1998-09-18",231,196,187,158,155,77,53,31
"1998-09-25",198,173,160,156,131,76,52,33
"1998-10-02",197,173,156,155,136,73,53,33
"1998-10-09",197,172,153,149,132,75,49,31
"1998-10-16",278,197,173,158,154,75,53,31
"1998-10-23",257,202,173,160,152,87,64,33
"1998-10-30",202,195,175,160,152,77,53,31
"1998-11-06",199,194,177,160,150,63,51,31
"1998-11-13",199,181,160,150,133,64,52,31
"1998-11-20",516,196,160,150,135,79,56,33
"1998-11-27",196,156,148,135,135,74,56,33
"1998-12-04",197,160,147,134,133,72,56,33
"1998-12-11",197,160,147,140,136,72,56,32
"1998-12-18",242,159,147,138,136,72,56,33
"1998-12-25",245,147,145,140,138,79,57,32
"1999-01-01",246,153,147,144,138,78,57,31
"1999-01-08",246,160,149,147,123,72,56,32
"1999-01-15",245,153,146,114,94,71,55,33
"1999-01-22",244,153,146,114,108,71,54,31
"1999-01-29",247,158,149,112,108,66,54,31
"1999-02-05",246,146,115,102,92,62,52,31
"1999-02-12",246,118,116,108,92,62,51,31
"1999-02-19",215,118,116,108,84,63,52,31
"1999-02-26",211,117,112,108,80,64,52,31
"1999-03-05",211,118,115,108,82,64,57,31
"1999-03-12",212,117,115,108,82,64,57,31
"1999-03-19",211,117,113,108,105,68,57,32
"1999-03-26",211,174,116,109,107,70,62,33
"1999-04-02",200,114,107,99,86,64,58,31
"1999-04-09",211,110,107,105,89,66,58,31
"1999-04-16",208,107,106,94,93,71,61,31
"1999-04-23",212,110,107,106,89,70,63,31
"1999-04-30",212,110,107,101,88,70,62,31
"1999-05-07",212,113,107,101,91,69,61,31
"1999-05-14",211,106,91,85,84,69,59,31
"1999-05-21",210,105,98,89,85,69,59,31
"1999-05-28",659,211,105,94,86,66,57,31
"1999-06-04",653,205,105,93,91,66,59,31
"1999-06-11",202,107,93,92,78,61,57,31
"1999-06-18",202,105,93,92,78,61,57,31
"1999-06-25",202,105,93,92,78,61,57,31
"1999-07-02",203,109,95,93,91,73,56,31
"1999-07-09",237,203,109,95,94,73,59,31
"1999-07-16",203,109,98,92,89,73,57,30
"1999-07-23",203,94,93,92,89,74,55,31
"1999-07-30",201,93,92,92,91,75,59,31
"1999-08-06",196,104,97,92,92,75,57,30
"1999-08-13",557,195,104,97,94,76,70,30
"1999-08-20",190,114,100,94,94,75,69,30
"1999-08-27",190,114,100,94,94,75,69,30
"1999-10-01",237,114,107,100,95,77,56,31
"1999-10-08",240,165,114,113,109,82,72,31
"1999-10-15",240,165,136,120,109,86,72,32
"1999-10-22",239,166,137,124,120,86,74,31
"1999-10-29",239,171,120,115,110,85,63,31
"1999-11-05",242,174,115,112,110,85,59,32
"1999-11-19",923,242,131,115,108,84,57,33
"1999-11-26",242,129,112,110,101,85,64,33
"1999-12-03",242,136,115,114,102,86,70,33
"1999-12-10",242,137,116,115,101,88,75,34
"1999-12-17",242,142,114,113,111,86,67,32
"1999-12-24",242,142,115,113,113,87,73,35
"1999-12-31",242,138,113,111,104,81,71,36
"2000-01-07",242,158,113,113,106,85,67,36
"2000-01-14",113,106,93,91,77,51,37,31
"2000-01-21",242,143,110,109,107,91,74,39
"2000-01-28",242,142,116,112,109,89,77,40
"2000-02-04",286,146,116,114,105,87,77,42
"2000-02-11",286,143,136,116,107,93,77,42
"2000-02-18",283,160,136,123,117,92,78,44
"2000-02-25",285,146,134,128,125,93,78,42
"2000-03-24",280,159,145,132,129,88,76,45
"2000-03-31",284,164,145,132,126,89,80,44
"2000-04-07",285,148,134,132,113,89,79,44
"2000-04-21",220,152,137,123,111,90,76,49
"2000-05-12",285,164,138,127,121,87,75,42
"2000-05-19",285,164,138,127,121,87,75,42
"2000-05-26",285,164,138,127,121,87,75,42
"2000-06-02",285,164,138,127,121,87,75,42
"2000-06-09",288,175,173,164,124,87,72,40
"2000-06-16",288,171,160,147,133,91,76,48
"2000-06-23",288,174,172,142,133,92,72,41
"2000-06-30",287,200,174,128,126,92,72,45
"2000-07-07",287,180,170,142,132,98,84,45
"2000-07-14",283,210,158,127,120,91,87,48
"2000-07-21",287,241,159,133,120,91,77,48
"2000-07-28",283,246,165,130,120,93,77,47
"2000-08-04",281,191,154,123,120,94,75,52
"2000-08-11",281,159,138,129,120,99,85,52
"2000-08-18",278,159,140,129,111,99,85,52
"2000-09-08",275,165,146,130,120,103,83,54
"2000-09-15",280,162,161,140,126,102,83,56
"2000-09-22",277,206,160,139,137,103,87,62
"2000-09-29",278,246,161,144,136,107,94,62
"2000-10-06",278,213,167,145,130,104,91,62
"2000-10-13",278,168,133,129,120,101,82,54
"2000-10-20",279,151,141,131,120,101,86,54
"2000-10-27",273,151,133,128,120,98,86,54
"2000-11-03",281,154,120,100,85,64,53,35
"2000-11-24",295,169,112,112,109,94,81,53
"2000-12-08",468,234,156,144,119,91,80,57
"2000-12-15",440,182,159,153,119,88,77,56
"2000-12-22",440,167,155,153,122,90,77,56
"2000-12-29",437,155,153,122,119,85,77,56
"2001-01-05",437,155,153,122,119,85,77,56
"2001-02-11",416,191,148,125,116,93,72,56
"2001-02-16",416,195,153,133,125,97,72,56
"2001-02-23",212,153,126,120,111,90,76,56
"2001-03-02",397,214,126,120,109,90,72,56
"2001-03-09",401,215,158,126,120,93,79,55
"2001-03-16",400,161,110,109,105,91,70,53
"2001-03-23",374,167,109,102,100,84,62,51
"2001-03-30",401,173,109,103,101,76,59,49
"2001-04-06",401,181,112,112,102,83,62,49
"2001-04-13",398,188,131,107,103,85,61,47
"2001-04-20",398,186,117,109,108,89,61,46
"2001-04-27",412,187,135,112,111,85,64,46
"2001-05-04",362,187,161,130,112,90,64,46
"2001-06-01",353,92,55,53,53,42,33,26
"2001-06-08",359,59,57,50,46,37,31,25
"2001-06-15",360,186,115,115,114,78,62,46
"2001-06-22",341,199,121,115,99,81,61,46
"2001-06-29",347,213,115,99,96,80,61,46
"2001-07-06",342,214,112,101,92,80,62,45
"2001-07-13",338,217,114,104,96,91,64,48
"2001-07-20",346,215,111,110,97,82,64,48
"2001-07-27",341,215,109,107,99,87,67,49
"2001-08-03",338,215,124,121,109,91,72,50
"2001-08-10",289,210,147,124,112,96,66,49
"2001-08-17",288,218,161,124,109,100,67,50
"2001-08-24",287,212,161,125,109,96,66,50
"2001-08-31",306,211,129,121,109,94,66,47
"2001-09-07",314,209,129,121,112,96,68,45
"2001-09-14",310,200,123,121,111,95,65,46
"2001-09-21",303,203,127,121,109,94,68,47
"2001-09-28",301,128,125,119,116,82,63,45
"2001-10-05",300,132,125,120,111,68,59,42
"2001-10-12",285,221,132,125,119,100,74,51
"2001-10-19",287,135,127,125,120,77,64,43
"2001-10-26",283,134,127,121,107,71,57,42
"2001-11-02",280,211,138,125,119,98,72,47
"2001-11-09",281,243,137,125,118,100,69,51
"2001-11-16",280,137,125,118,104,68,64,42
"2001-11-23",274,241,137,131,126,94,75,50
"2001-11-30",276,140,121,84,79,65,52,36
"2001-12-07",277,133,121,121,85,76,56,42
"2001-12-14",269,230,134,126,124,85,80,50
"2001-12-21",270,230,132,124,122,89,79,50
"2001-12-28",270,230,134,124,121,87,79,51
"2002-01-04",274,227,136,124,121,86,76,50
"2002-01-18",271,233,132,124,121,96,78,51
"2002-01-25",271,234,132,124,121,97,78,52
"2002-02-01",270,234,131,124,121,101,76,51
"2002-02-08",264,231,126,121,118,100,77,51
"2002-02-15",263,245,126,121,118,86,72,51
"2002-02-22",264,244,128,124,123,95,77,52
"2002-03-01",264,257,128,121,117,102,79,52
"2002-03-08",264,257,134,121,118,102,76,53
"2002-03-22",255,252,151,140,121,101,76,53
"2002-03-29",254,157,121,114,107,77,60,42
"2002-05-31",270,249,176,159,131,94,80,54
"2002-06-07",268,246,188,159,131,93,85,47
"2002-06-14",267,245,186,154,131,93,84,53
"2002-06-21",273,244,184,132,130,94,85,53
"2002-06-28",251,248,186,146,131,93,84,53
"2002-07-05",251,247,197,152,130,94,77,46
"2002-07-12",249,248,197,167,142,94,78,46
"2002-07-19",248,243,192,167,137,95,83,55
"2002-07-26",250,239,192,172,137,95,77,54
"2002-08-02",250,241,193,172,137,94,75,56
"2002-08-09",254,240,194,168,141,93,75,56
"2002-08-16",230,219,171,169,137,93,73,51
"2002-08-23",229,217,174,164,143,93,75,50
"2002-09-16",762,483,454,418,411,286,233,149
"2002-09-27",778,503,500,463,462,298,247,160
"2002-10-04",1051,896,590,522,505,350,287,161
"2002-10-11",584,523,503,485,394,279,237,165
"2002-10-18",523,505,475,432,356,269,217,160
"2002-10-25",503,490,422,370,358,322,239,157
"2002-11-01",512,483,452,375,357,293,239,159
"2002-11-08",518,473,449,351,346,277,231,157
"2002-11-15",524,455,445,364,350,277,235,158
"2002-11-22",863,444,368,364,362,267,248,148
"2002-11-29",1089,477,372,368,364,277,233,141
"2002-12-06",741,485,390,355,337,268,233,140
"2002-12-13",742,457,414,375,339,267,234,137
"2002-12-20",482,417,396,388,345,272,234,138
"2002-12-27",489,417,409,395,343,272,234,139
"2003-01-03",484,415,409,401,344,283,231,139
"2003-01-10",491,417,415,413,338,284,236,140
"2003-01-17",494,425,410,399,343,281,240,140
"2003-01-24",491,438,412,401,342,283,246,142
"2003-01-31",497,443,411,392,357,284,246,143
"2003-02-07",479,450,413,392,358,283,248,143
"2003-02-14",491,467,421,410,392,292,250,146
"2003-02-21",497,476,432,432,393,298,246,146
"2003-02-28",516,483,453,427,364,305,249,146
"2003-03-07",518,498,440,426,367,282,247,148
"2003-03-14",560,493,433,426,383,284,249,144
"2003-03-21",561,492,437,429,400,280,254,152
"2003-03-28",511,495,478,440,401,274,256,150
"2003-04-04",537,504,444,432,427,281,256,143
"2003-04-11",616,454,453,400,388,276,254,146
"2003-05-02",926,754,496,439,415,279,273,151
"2003-05-09",1006,755,486,440,413,288,273,146
"2003-05-16",1076,757,490,440,417,302,279,145
"2003-05-30",781,510,475,452,417,283,272,143
"2003-06-06",788,510,449,449,420,286,278,146
"2003-06-13",788,510,444,444,423,287,273,145
"2003-06-20",694,510,444,439,423,286,226,139
"2003-06-27",1667,1059,598,596,554,417,286,162
"2003-07-04",4995,1070,611,606,573,424,346,169
"2003-07-11",607,443,429,412,410,293,248,138
"2003-07-18",610,443,430,413,410,297,248,140
"2003-07-25",611,441,430,407,393,307,248,139
"2003-08-01",614,438,437,408,379,307,233,140
"2003-08-08",619,438,430,409,370,305,233,139
"2003-08-15",437,409,387,371,359,284,222,138
"2003-08-22",442,440,409,370,356,292,226,147
"2003-08-29",442,441,394,374,363,281,227,145
"2003-09-05",449,439,406,384,375,261,227,146
"2003-09-12",450,444,411,388,374,257,227,148
"2003-09-19",468,444,416,380,373,258,227,145
"2003-09-26",680,473,434,417,392,267,233,151
"2003-10-03",861,699,478,436,420,262,236,151
"2003-10-10",845,710,481,435,417,282,236,149
"2003-10-17",481,436,414,388,373,278,234,148
"2003-10-24",483,435,411,388,367,283,237,150
"2003-10-31",1515,483,434,412,400,278,237,150
"2003-11-07",565,484,435,417,399,279,243,150
"2003-11-14",486,431,419,404,380,280,243,154
"2003-11-21",487,486,434,422,402,283,251,150
"2003-11-28",498,471,433,424,400,284,246,150
"2003-12-05",499,472,434,425,402,284,246,150
"2003-12-12",494,489,469,434,428,290,245,152
"2003-12-19",607,526,472,434,432,290,244,153
"2003-12-26",584,526,472,434,431,296,244,155
"2004-01-02",585,527,471,435,431,296,242,155
"2004-01-09",560,471,468,431,423,298,248,153
"2004-01-16",471,468,423,422,388,300,248,164
"2004-01-23",481,429,423,422,388,300,251,163
"2004-01-30",480,417,413,397,397,302,251,161
"2004-02-06",476,423,421,393,382,308,247,170
"2004-02-13",482,434,408,392,378,308,252,171
"2004-02-20",490,434,418,375,373,309,252,171
"2004-02-27",486,434,418,374,349,307,253,173
"2004-03-05",489,422,374,373,371,312,263,168
"2004-03-12",489,421,378,372,371,312,255,170
"2004-03-19",494,421,421,382,363,313,266,179
"2004-03-26",497,422,420,385,371,314,254,178
"2004-04-02",534,493,425,420,385,314,260,178
"2004-04-09",535,514,428,425,386,326,267,178
"2004-04-16",556,510,431,420,384,320,268,175
"2004-04-23",566,516,427,386,385,322,282,166
"2004-04-30",598,513,440,391,388,334,282,167
"2004-05-07",598,515,442,388,384,323,282,167
"2004-05-14",597,523,432,385,380,321,282,168
"2004-05-21",598,525,517,438,386,330,289,180
"2004-05-28",560,545,527,437,387,320,289,180
"2004-06-04",780,580,539,527,435,357,295,180
"2004-06-11",780,580,541,531,435,338,289,180
"2004-06-18",773,578,533,523,436,343,298,180
"2004-06-25",764,716,580,533,442,340,297,175
"2004-07-02",773,717,580,531,445,338,289,176
"2004-07-09",774,717,594,531,443,359,301,179
"2004-07-16",862,693,592,530,430,350,296,178
"2004-07-23",828,693,593,531,430,353,296,171
"2004-07-30",848,668,591,540,427,355,297,175
"2004-08-06",848,691,596,557,427,324,302,174
"2004-08-13",840,692,604,561,418,330,312,174
"2004-08-20",693,677,608,560,426,322,303,177
"2004-08-27",734,610,556,537,429,348,310,178
"2004-09-03",736,610,561,442,421,349,308,184
"2004-09-10",732,609,561,427,423,329,312,193
"2004-09-17",732,611,561,428,389,321,303,192
"2004-09-24",733,609,571,425,393,330,293,207
"2004-10-01",736,636,574,421,381,339,282,200
"2004-10-08",736,636,569,425,407,345,282,202
"2004-10-15",739,636,573,427,384,314,266,197
"2004-10-22",739,646,571,432,400,343,282,186
"2004-10-29",743,647,574,431,384,325,261,186
"2004-11-05",5198,1249,744,647,570,379,304,200
"2004-11-12",745,647,571,404,384,328,285,184
"2004-11-19",748,650,575,423,405,343,285,192
"2004-11-26",748,652,579,411,411,311,279,194
"2004-12-03",748,652,579,411,411,311,279,194
"2004-12-10",748,652,579,411,411,311,279,194
"2004-12-17",748,623,586,408,405,325,285,186
"2004-12-24",749,624,589,421,408,319,284,193
"2005-01-07",753,632,593,430,396,321,270,185
"2005-01-14",758,633,594,497,409,308,271,172
"2005-01-21",758,634,593,505,426,307,273,180
"2005-01-28",759,633,609,545,519,383,289,181
"2005-02-04",774,761,633,613,549,387,288,181
"2005-02-11",804,763,665,564,443,340,253,176
"2005-02-18",802,760,665,570,446,312,253,176
"2005-02-25",804,760,666,574,482,350,254,184
"2005-03-04",824,766,666,556,452,343,254,185
"2005-03-11",823,767,667,548,452,355,252,186
"2005-03-18",840,771,669,554,454,351,252,173
"2005-03-25",853,773,669,554,452,353,256,174
"2005-04-08",864,780,672,555,507,350,257,189
"2005-04-15",865,781,671,555,517,353,257,185
"2005-04-22",868,783,672,552,520,353,268,190
"2005-04-29",877,793,674,554,525,353,268,177
"2005-05-06",875,795,673,552,519,353,264,180
"2005-05-13",878,798,674,551,543,371,263,188
"2005-05-20",882,804,673,549,543,382,281,197
"2005-05-27",896,804,676,549,543,386,281,197
"2005-06-03",897,806,675,544,542,388,273,204
"2005-06-24",896,816,680,543,541,396,270,209
"2005-07-01",902,817,681,543,533,392,281,205
"2005-07-08",897,818,683,538,533,392,269,193
"2005-07-15",900,819,688,539,533,394,275,191
"2005-07-22",906,824,721,532,526,393,278,205
"2005-07-29",909,825,720,532,528,397,286,213
"2005-08-05",913,825,721,532,523,360,278,201
"2005-08-12",916,826,721,532,529,362,279,200
"2005-08-19",922,826,772,720,533,362,280,206
"2005-08-26",925,827,773,721,534,361,280,206
"2005-09-02",929,819,761,721,532,361,280,207
"2005-09-09",928,821,765,722,532,361,279,209
"2005-09-16",824,816,768,719,532,362,285,213
"2005-09-23",846,789,767,736,536,362,287,213
"2005-09-30",849,792,760,740,515,339,280,213
"2005-10-07",942,850,762,739,522,350,281,213
"2005-10-14",951,852,761,751,521,352,281,211
"2005-10-21",954,855,760,751,519,390,313,213
"2005-10-28",947,857,762,752,517,365,310,213
"2005-11-04",952,861,757,745,517,397,316,228
"2005-11-11",952,865,761,745,525,397,316,228
"2005-11-18",951,866,758,746,531,399,332,228
"2005-12-02",948,871,750,742,543,399,343,229
"2005-12-09",1387,948,874,755,743,428,357,241
"2005-12-16",951,878,756,734,557,388,343,232
"2005-12-23",952,879,757,719,559,388,343,232
"2005-12-30",957,879,740,721,561,388,343,236
"2006-01-06",957,880,738,720,562,397,365,234
"2006-01-13",1549,959,882,738,721,415,370,240
"2006-01-20",961,882,721,720,569,410,375,241
"2006-01-27",964,887,725,719,570,415,375,263
"2006-02-03",964,892,725,717,568,442,376,247
"2006-02-10",963,898,726,708,578,450,401,242
"2006-02-17",965,900,727,708,581,443,405,241
"2006-02-24",977,903,727,712,584,447,376,243
"2006-03-03",984,906,726,705,585,449,377,260
"2006-03-10",986,909,726,698,588,452,377,255
"2006-03-17",985,911,726,699,590,454,379,262
"2006-03-24",988,914,730,698,590,454,393,248
"2006-03-31",994,916,730,697,592,482,408,265
"2006-04-07",996,919,730,697,592,457,377,262
"2006-04-14",999,923,706,701,591,458,377,264
"2006-04-21",1004,749,744,697,597,458,377,263
"2006-04-28",1030,834,749,694,599,458,378,263
"2006-05-05",1031,837,749,698,693,487,367,261
"2006-05-12",1029,843,721,694,684,478,371,260
"2006-05-19",1032,854,819,721,685,481,372,265
"2006-05-26",1029,898,782,690,609,489,376,267
"2006-06-02",1032,905,784,699,611,468,377,263
"2006-06-09",1039,938,756,697,614,472,376,262
"2006-06-16",1045,938,785,717,700,486,379,262
"2006-06-23",1044,934,787,717,703,497,381,264
"2006-06-30",1051,939,787,719,704,498,393,267
"2006-07-07",1052,940,787,722,710,499,394,261
"2006-07-14",935,786,744,711,688,499,398,264
"2006-07-21",968,790,752,704,682,498,417,268
"2006-08-04",997,887,813,693,683,498,418,269
"2006-08-11",997,888,773,687,687,498,420,269
"2006-08-18",1001,893,810,697,689,499,424,271
"2006-08-25",1005,899,813,705,687,501,435,268
"2006-09-01",1002,906,813,697,681,505,435,270
"2006-09-08",1003,909,833,702,694,505,436,263
"2006-09-15",1004,915,838,716,693,504,435,257
"2006-09-22",943,918,839,725,710,514,436,262
"2006-09-29",944,924,837,724,708,499,436,257
"2006-10-06",945,929,839,724,716,505,436,259
"2006-10-13",947,934,840,729,721,502,437,267
"2006-10-20",943,937,841,733,723,508,437,267
"2006-10-27",947,940,841,735,732,512,439,267
"2006-11-03",949,918,842,736,732,514,447,266
"2006-12-08",990,926,872,758,749,518,452,271
"2006-12-15",995,931,877,760,752,507,437,269
"2006-12-22",931,877,764,751,660,509,437,271
"2006-12-29",931,901,877,752,677,512,419,272
"2007-01-05",934,878,869,751,670,513,412,269
"2007-01-12",936,878,872,829,756,514,437,269
"2007-01-19",936,882,873,843,758,534,418,272
"2007-01-26",941,902,860,756,744,538,437,276
"2007-02-02",939,903,867,746,677,536,441,272
"2007-02-09",941,939,870,765,761,532,438,276
"2007-02-16",962,933,873,815,781,535,488,272
"2007-02-23",972,962,934,878,843,544,490,279
"2007-03-02",968,934,896,844,736,533,471,280
"2007-03-09",968,935,904,868,744,554,471,283
"2007-03-16",972,937,874,834,744,555,471,284
"2007-03-23",937,936,876,852,747,562,471,297
"2007-03-30",938,911,880,871,799,533,467,298
"2007-04-06",938,910,885,880,809,544,467,301
"2007-04-13",937,908,901,876,812,579,467,292
"2007-04-20",955,937,908,886,812,537,467,292
"2007-04-27",939,913,902,883,843,551,467,284
"2007-05-04",940,920,897,885,845,561,493,284
"2007-05-11",940,929,898,883,850,565,467,278
"2007-05-18",975,944,940,898,888,566,493,298
"2007-05-25",979,952,941,896,884,566,493,303
"2007-06-01",954,942,913,899,896,568,480,297
"2007-06-08",965,942,913,906,898,516,458,295
"2007-07-20",901,896,844,820,728,510,476,300
"2007-07-27",886,867,819,786,732,512,459,284
"2007-08-03",1003,918,914,899,762,497,472,306
"2007-08-10",919,853,829,764,744,494,467,306
"2007-08-17",908,893,835,763,689,490,458,299
"2007-08-24",992,919,896,826,823,538,490,318
"2007-08-31",944,914,887,793,775,512,474,313
"2007-09-07",1240,924,808,800,791,529,477,315
"2007-09-14",1233,989,924,896,793,523,480,313
"2007-09-21",1236,1030,920,898,794,540,495,319
"2007-09-28",1236,1018,921,880,792,600,499,324
"2007-10-05",1236,1036,913,896,836,583,490,319
"2007-10-12",1239,1058,936,791,757,623,510,346
"2007-10-19",1241,1101,942,940,936,609,501,341
"2007-10-26",1242,939,929,737,728,641,495,332
"2007-11-02",1245,1036,946,941,940,706,500,336
"2007-11-09",1246,1189,1058,979,977,725,495,332
"2007-11-16",1248,1178,979,900,751,628,495,324
"2007-11-23",1247,1152,982,887,778,632,494,317
"2007-11-30",1233,1176,985,890,777,638,484,317
"2007-12-07",1245,1178,1001,1000,991,660,522,333
"2007-12-14",1003,1001,990,988,754,638,509,320
"2007-12-21",995,993,973,938,782,640,495,321
"2007-12-28",1249,1000,955,921,916,679,481,323
"2008-01-04",1036,935,917,899,784,635,473,314
"2008-01-11",1026,950,917,855,779,579,459,333
"2008-01-18",1033,916,890,857,757,652,463,335
"2008-01-25",1043,916,872,845,757,591,456,330
"2008-02-01",1046,1012,981,886,779,645,509,350
"2008-02-08",1090,1040,864,772,771,559,456,335
"2008-02-15",1189,1050,879,789,772,547,462,342
"2008-02-22",1170,1052,861,789,779,586,458,345
"2008-02-29",1067,995,969,811,791,653,488,363
"2008-03-07",1073,971,947,801,767,559,456,333
"2008-03-14",1107,1077,875,798,753,532,442,352
"2008-03-21",1051,1028,878,816,772,600,473,372
"2008-03-28",1058,1007,1007,810,809,674,477,373
"2008-04-04",1181,1081,1008,895,771,655,464,354
"2008-04-11",1187,1095,1012,1004,814,655,498,368
"2008-04-18",1429,1176,1095,1009,832,628,477,351
"2008-04-25",1395,1169,1097,835,745,676,472,360
"2008-05-02",1440,1258,1099,944,884,696,489,374
"2008-05-09",4009,1406,1104,1070,868,692,517,373
"2008-05-16",4017,1376,1267,1093,850,701,469,358
"2008-05-23",4033,1375,1356,1091,901,728,524,354
"2008-05-30",4043,1422,1374,1100,879,699,519,360
"2008-06-06",4057,1783,1406,1105,975,721,540,375
"2008-06-13",4069,2358,1809,1374,1111,739,563,371
"2008-06-20",4048,2359,1890,1412,1104,754,538,351
"2008-06-27",4080,2373,2334,1454,1005,752,540,361
"2008-07-04",4087,2360,2354,1462,1005,752,556,375
"2008-07-11",4098,2360,2339,1458,1005,731,558,373
"2008-07-18",4101,2342,2297,1453,1005,758,550,352
"2008-07-25",4103,2638,2333,1437,1005,707,558,361
"2008-08-01",4108,2936,2322,1439,1005,809,559,376
"2008-08-08",4131,2943,2316,1410,937,798,558,364
"2008-08-15",4136,2940,2225,1409,972,785,568,372
"2008-08-22",4136,2942,2240,1479,1228,936,577,400
"2008-08-29",4134,3955,2233,1470,1197,934,609,377
"2008-09-05",4128,3944,1578,1486,1191,954,611,374
"2008-09-12",4143,3950,2285,1501,1219,910,629,409
"2008-09-19",4139,3944,1612,1425,1225,914,608,409
"2008-09-26",4142,3944,1609,1500,1347,834,608,430
"2008-10-03",4152,3951,1616,1511,1296,861,645,428
"2008-10-10",4151,3948,1606,1497,1234,767,647,413
"2008-10-17",4170,3953,1708,1240,1235,871,618,411
"2008-10-24",4174,4007,1693,1305,1237,854,623,421
"2008-10-31",4178,4008,1726,1532,1364,857,633,400
"2008-11-07",4182,4007,1693,1481,1383,911,633,392
"2008-11-14",4183,4018,1664,1420,1358,836,593,413
"2008-11-21",4186,4019,1673,1258,1129,917,655,401
"2008-11-28",4192,4023,1672,1496,1487,836,604,415
"2008-12-05",4193,4024,2432,1673,1538,832,673,426
"2008-12-12",4017,2478,2344,1106,1046,800,675,401
"2008-12-19",4028,2486,1663,1179,1119,808,644,391
"2008-12-26",4026,2482,1579,1260,1015,793,648,407
"2009-01-02",4025,2483,1579,1262,1140,769,544,415
"2009-01-09",4032,2476,1577,1262,1124,766,588,396
"2009-01-23",4022,2465,1563,1272,1149,763,635,412
"2009-01-30",4023,2475,1564,1272,1162,760,623,408
"2009-02-06",4019,2470,1563,1260,1159,739,595,381
"2009-02-13",4012,2453,1570,1264,1155,829,583,411
"2009-02-20",4015,2408,1575,1291,1153,820,583,409
"2009-02-27",4010,2405,1582,1282,1184,843,557,363
"2009-03-06",4013,2406,1583,1286,1177,782,556,379
"2009-03-13",3971,2410,1579,1286,1203,814,558,361
"2009-03-20",3981,2405,1635,1291,1200,844,554,379
"2009-03-27",3979,2571,1499,1293,1183,866,548,380
"2009-04-03",3951,2573,1499,1282,1185,815,560,406
"2009-04-10",3945,2574,1485,1285,1215,820,541,402
"2009-04-17",3945,2565,1464,1285,1188,823,563,362
"2009-04-24",3952,2555,1488,1282,1252,842,556,396
"2009-05-01",3954,2522,1472,1282,1258,861,558,407
"2009-05-08",3951,2520,1417,1283,1276,893,567,406
"2009-05-15",3957,2505,1412,1283,1283,851,550,396
"2009-05-22",3958,2495,1378,1291,1284,870,549,395
"2009-05-29",3954,2492,1380,1291,1284,870,553,395
"2009-06-05",3954,2499,1370,1294,1294,777,531,386
"2009-06-12",3945,2493,1301,1295,1099,703,572,393
"2009-06-19",3941,2499,1294,1291,1032,712,537,409
"2009-06-26",3933,2492,1291,1258,1039,677,568,420
"2009-07-03",3929,2485,1283,1258,1020,782,572,408
"2009-07-10",3923,3860,2656,1284,1231,782,615,414
"2009-07-17",3907,2652,1282,1233,1026,782,624,409
"2009-07-24",3902,2649,1284,1225,1027,721,631,418
"2009-07-31",3887,2645,1284,1233,1033,707,576,418
"2009-08-07",3873,2633,1285,1262,1040,742,595,418
"2009-08-14",3870,2610,1288,1244,1060,785,574,420
"2009-08-21",3856,2572,1290,1252,1015,785,595,414
"2009-08-28",3852,2571,1283,1245,1052,790,596,410
"2009-09-04",3851,2550,1292,1262,1088,867,621,390
"2009-09-11",3844,2546,1292,1255,1052,773,612,395
"2009-09-18",3844,2672,1294,1258,1052,823,612,408
"2009-09-25",3840,2692,1300,1227,1052,871,722,406
"2009-10-02",3839,2624,1301,1192,1052,850,706,398
"2009-10-09",3838,2524,1299,1172,1052,796,685,401
"2009-10-16",3836,2472,1297,1181,1041,790,597,405
"2009-10-23",3845,2438,1300,1176,1036,765,570,399
"2009-10-30",3846,2413,1302,1185,1026,765,625,399
"2009-11-06",3931,2410,1404,1307,1075,793,583,393
"2009-11-13",3937,2411,1403,1306,1183,808,594,393
"2009-11-20",3929,2404,1458,1306,1161,758,588,409
"2009-11-27",3926,2411,1467,1298,1158,736,569,407
"2009-12-04",3917,2415,1462,1281,1144,675,573,405
"2009-12-11",3914,2423,1446,1306,1147,683,581,418
"2009-12-18",3878,2419,1454,1307,1147,723,579,442
"2009-12-25",3874,2417,1349,1316,1121,814,603,452
"2010-01-01",3859,2422,1357,1348,1132,814,603,424
"2010-01-08",3856,2427,1354,1338,1138,853,604,424
"2010-01-15",3857,2712,1391,1224,1169,853,640,449
"2010-01-22",3825,2676,1373,1156,1054,825,664,454
"2010-01-29",3813,2645,1373,1157,1054,827,611,446
"2010-02-05",3810,2548,1372,1067,1057,823,623,449
"2010-02-12",3801,2545,1373,1045,1042,825,606,449
"2010-02-19",3795,2545,1370,1169,1065,887,613,452
"2010-02-26",3790,2532,1369,1178,1074,862,606,446
"2010-03-05",3743,2536,1367,1148,1074,840,608,452
"2010-03-12",3742,2553,1348,1135,1071,843,606,473
"2010-03-19",3746,3142,1376,1135,1087,858,606,471
"2010-03-26",3736,3125,1345,1101,1096,858,625,468
"2010-04-02",3740,3105,1345,1103,1064,857,633,447
"2010-04-09",3713,3088,1348,1094,1063,869,600,447
"2010-04-16",3704,3046,1350,1065,1026,843,594,448
"2010-04-23",3700,3047,1352,1065,1026,843,607,468
"2010-04-30",3678,3044,1353,1089,1072,855,604,447
"2010-05-07",3638,2916,1353,1087,1075,879,611,447
"2010-05-14",3636,2849,1351,1093,1091,900,610,442
"2010-05-21",3639,3381,1351,1090,1085,902,632,434
"2010-05-28",3626,3049,1350,1086,1075,852,615,430
"2010-06-04",3626,3026,1353,1091,1081,852,616,426
"2010-06-11",3621,2983,1351,1092,1083,852,609,426
"2010-06-18",3618,2930,1351,1096,1078,855,606,433
"2010-06-25",3617,2722,1351,1095,1068,856,595,430
"2010-07-02",3612,2725,1550,1350,1096,903,630,447
"2010-07-09",3606,2709,1553,1350,1098,906,644,438
"2010-07-16",3599,2660,1553,1352,1103,839,638,447
"2010-07-23",3597,2666,1665,1354,1106,892,648,458
"2010-07-30",3592,2657,1669,1354,1108,901,654,447
"2010-08-06",3581,2654,1668,1353,1111,904,671,459
"2010-08-13",3571,2655,1667,1353,1110,918,684,442
"2010-08-20",3567,2608,1526,1352,1112,927,676,448
"2010-08-27",3561,2579,1526,1354,1114,936,686,450
"2010-09-03",3546,2545,1530,1352,1154,1024,742,465
"2010-09-10",3527,2540,1530,1354,1119,1018,742,465
"2010-09-17",3511,2533,1530,1345,1127,976,711,476
"2010-09-24",3497,2544,1534,1344,1129,974,682,478
"2010-10-01",3494,2534,1536,1342,1133,980,664,462
"2010-10-08",3492,2502,1500,1340,1138,941,675,455
"2010-10-15",3487,2509,1498,1139,1090,895,659,453
"2010-10-22",3474,2988,1495,1202,1142,843,755,506
"2010-10-29",3429,2906,1482,1176,1150,739,666,461
"2010-11-05",3401,2883,1473,1148,1121,762,665,461
"2010-11-12",3344,2877,1568,1464,1153,855,653,460
"2010-11-19",3302,2812,1580,1432,1152,854,740,450
"2010-11-26",3231,2807,1419,1146,1086,876,718,468
"2010-12-03",3210,1997,1418,1136,1075,845,647,467
"2010-12-10",3199,1979,1416,1124,932,809,672,435
"2010-12-17",3144,1956,1417,1103,897,758,626,439
"2010-12-24",3454,2227,1553,1351,1176,871,702,494
"2010-12-31",3454,2232,1554,1363,1197,843,704,491
"2011-01-07",3446,2228,1555,1358,1180,845,718,496
"2011-01-14",3443,2229,1630,1370,1186,844,738,488
"2011-01-21",3438,2229,1556,1371,1189,947,762,495
"2011-01-28",3440,2216,1556,1371,1231,914,760,494
