"date","week","delta_netsnow_top30","gcr_greater_netsnow","ecr_greater_netsnow","delta_netgain_top30","gcr_greater_netgain","ecr_greater_netgain","min_missing_rank","not_in_top30","missing_ranks","missing_delta_ranks","min_missing_delta_ranks","max_missing_delta_ranks","delta_rank","gcr_greater_rank","ecr_greater_rank","prefixes_ecr_top30","prefixes_gcr_top30","prefixes_gcr_total","avg_missing"
"1997-11-14",0,7666,7666,0,6973,6937,36,15,11,249,243,7,87,370,339,31,12525,20191,59649,22
"1997-11-21",1,7477,7477,0,6827,6795,32,15,10,235,235,8,77,368,342,26,10002,17479,57051,23
"1997-11-28",2,8748,8748,0,7662,7632,30,15,10,233,258,9,84,422,386,36,9876,18624,59356,23
"1997-12-05",3,10577,10577,0,9019,8991,28,9,11,231,301,12,88,451,396,55,10187,20764,61690,21
"1997-12-12",4,9821,9821,0,8192,8161,31,9,13,264,345,12,71,494,448,46,9709,19530,62157,20
"1997-12-19",5,9498,9498,0,7939,7912,27,8,12,249,339,16,69,469,438,31,9600,19098,61454,20
"1997-12-26",6,13662,13662,0,9571,9544,27,1,18,277,1405,21,157,1513,1438,75,3988,17650,61988,15
"1998-01-02",7,10023,10023,0,8253,8228,25,11,10,205,270,17,70,438,385,53,9842,19865,62052,20
"1998-01-09",8,10016,10016,0,8350,8326,24,11,10,207,236,1,65,382,336,46,9856,19872,61929,20
"1998-01-16",9,6607,6607,0,4159,4135,24,11,9,182,254,16,70,415,347,68,10186,16793,55707,20
"1998-01-23",10,4485,4485,0,3314,3292,22,11,11,221,297,14,63,430,389,41,10087,14572,56637,20
"1998-01-30",11,5663,5663,0,4601,4601,0,11,11,231,242,14,30,399,337,62,10422,16085,57745,21
"1998-02-20",14,4354,4354,0,3454,3432,22,10,11,210,309,11,61,476,416,60,9955,14309,57517,19
"1998-02-27",15,3729,3729,0,2805,2783,22,10,13,248,351,16,62,491,449,42,9650,13379,57977,19
"1998-03-06",16,2398,2398,0,1921,1912,9,11,13,263,274,13,34,389,375,14,8423,10821,54934,20
"1998-03-13",17,3949,3949,0,3722,3695,27,9,12,226,296,14,58,453,391,62,8879,12828,55746,18
"1998-03-27",19,2573,2573,0,2611,2597,14,10,12,229,273,13,37,427,361,66,7752,10325,54692,19
"1998-04-03",20,2566,2566,0,2677,2675,2,9,11,205,249,16,31,410,347,63,7799,10365,55053,18
"1998-04-10",21,2530,2530,0,2695,2694,1,12,9,172,178,14,29,358,289,69,8020,10550,55185,19
"1998-04-17",22,2531,2531,0,2708,2707,1,12,10,193,211,7,31,390,326,64,8082,10613,56530,19
"1998-04-24",23,6157,6157,0,6275,6272,3,11,10,186,202,5,29,402,316,86,8108,14265,61027,18
"1998-05-01",24,2836,2836,0,2864,2857,7,9,10,188,234,13,33,412,335,77,8148,10984,57767,18
"1998-05-08",25,2585,2585,0,2564,2557,7,10,12,228,300,14,40,455,401,54,8148,10733,58264,19
"1998-05-15",26,2571,2571,0,2486,2479,7,9,12,205,298,15,34,439,368,71,8102,10673,55560,17
"1998-05-29",28,1969,1969,0,1935,1922,13,9,12,234,263,10,44,381,347,34,8406,10375,54945,19
"1998-06-05",29,2033,2033,0,1698,1687,11,8,12,241,280,9,46,444,397,47,7653,9686,54314,20
"1998-06-12",30,2282,2282,0,2110,2099,11,8,12,227,304,14,48,435,386,49,8146,10428,54925,18
"1998-06-19",31,1855,1855,0,1614,1599,15,7,12,239,289,10,50,424,385,39,7843,9698,54527,19
"1998-06-26",32,1596,1596,0,1332,1320,12,8,13,258,295,10,42,421,394,27,7738,9334,54771,19
"1998-07-03",33,1855,1766,89,1594,1488,106,8,14,269,676,11,378,791,754,37,7738,9415,54463,19
"1998-07-10",34,1889,1889,0,1477,1468,9,9,12,247,285,13,40,405,381,24,8110,9999,54553,20
"1998-07-17",35,1981,1981,0,1552,1543,9,11,11,226,275,13,42,414,381,33,8422,10403,54788,20
"1998-07-24",36,1856,1856,0,1447,1438,9,9,14,286,370,11,47,486,463,23,8043,9899,55180,20
"1998-07-31",37,1885,1885,0,1402,1393,9,9,14,297,360,12,43,463,448,15,8008,9893,55308,21
"1998-08-07",38,1659,1549,110,1267,1217,50,8,14,295,336,7,40,419,412,7,8015,9454,53983,21
"1998-08-14",39,1673,1566,107,1335,1286,49,8,13,273,309,10,40,398,392,6,8069,9528,54151,21
"1998-08-21",40,2178,2178,0,1820,1810,10,12,11,235,216,7,39,355,308,47,8139,10317,54794,21
"1998-08-28",41,1965,1965,0,1652,1643,9,12,11,243,231,4,40,359,331,28,8084,10049,55511,22
"1998-09-04",42,1803,1803,0,1446,1413,33,11,12,263,292,8,61,406,380,26,7569,9372,55031,21
"1998-09-11",43,1807,1807,0,1536,1536,0,10,11,241,285,11,39,418,390,28,7243,9050,58185,21
"1998-09-18",44,1790,1790,0,1298,1298,0,16,11,249,262,10,35,380,357,23,7019,8809,56996,22
"1998-09-25",45,1765,1765,0,1199,1194,5,16,10,227,252,9,38,381,351,30,6845,8610,54299,22
"1998-10-02",46,1664,1664,0,1187,1187,0,15,10,231,256,10,34,383,353,30,6859,8523,54418,23
"1998-10-09",47,1646,1646,0,1250,1248,2,14,11,247,303,10,46,411,386,25,6804,8450,54860,22
"1998-10-16",48,1883,1883,0,1472,1454,18,15,10,227,252,4,46,373,354,19,7376,9259,56884,22
"1998-10-23",49,2159,1890,269,1624,1464,160,5,10,212,524,4,313,635,607,28,7630,9251,56588,21
"1998-10-30",50,1876,1876,0,1473,1452,21,10,11,231,319,11,48,429,396,33,7235,9111,55394,21
"1998-11-06",51,2749,2749,0,2327,2327,0,12,11,241,310,7,39,436,410,26,7154,9903,56810,21
"1998-11-13",52,1962,1962,0,1476,1467,9,14,11,243,346,17,62,463,436,27,7360,9322,55755,22
"1998-11-20",53,2031,2031,0,1981,1970,11,11,10,217,280,15,52,407,374,33,8449,10480,57125,21
"1998-11-27",54,2045,2045,0,1508,1497,11,16,11,247,299,5,50,438,404,34,7495,9540,56326,22
"1998-12-04",55,2033,2033,0,1551,1542,9,10,11,231,292,5,47,429,389,40,7499,9532,56559,21
"1998-12-11",56,2002,2002,0,1524,1511,13,16,10,225,291,8,51,438,400,38,7495,9497,56402,22
"1998-12-18",57,2042,2042,0,1636,1628,8,16,10,227,267,7,38,416,374,42,7556,9598,56762,22
"1998-12-25",58,2036,2036,0,1646,1634,12,15,10,227,300,21,42,452,407,45,7545,9581,56904,22
"1999-01-15",61,1988,1988,0,1469,1453,16,14,10,222,276,18,40,425,370,55,7459,9447,56990,22
"1999-01-22",62,2204,2204,0,1368,1359,9,15,11,243,284,17,39,424,379,45,7939,10143,57201,22
"1999-01-29",63,2241,2241,0,1386,1375,11,15,11,242,337,19,45,488,443,45,7919,10160,57544,22
"1999-02-05",64,1907,1907,0,1340,1328,12,14,13,285,394,17,49,546,498,48,6940,8847,57458,21
"1999-02-12",65,2010,1967,43,1304,1282,22,13,13,277,410,10,47,590,527,63,6711,8635,57725,21
"1999-02-19",66,1833,1833,0,1250,1235,15,13,13,279,459,15,53,633,583,50,6752,8585,58474,21
"1999-02-26",67,1769,1769,0,998,984,14,8,14,288,412,10,46,573,524,49,7318,9087,58277,20
"1999-03-05",68,1766,1766,0,985,979,6,8,14,282,398,13,47,551,504,47,7162,8928,58349,20
"1999-03-12",69,1987,1987,0,1231,1225,6,9,12,247,335,8,48,528,466,62,7328,9315,58783,20
"1999-03-19",70,1606,1606,0,1194,1177,17,8,14,280,408,12,49,564,521,43,6725,8331,59306,20
"1999-03-26",71,1611,1507,104,1194,1135,59,7,14,279,472,12,93,623,579,44,6875,8278,59759,19
"1999-04-02",72,1675,1675,0,1350,1339,11,7,14,271,440,13,50,592,542,50,6533,8208,60694,19
"1999-04-09",73,2377,2377,0,1594,1579,15,8,14,269,404,11,49,547,497,50,6691,9068,62555,19
"1999-04-16",74,1614,1614,0,1364,1344,20,10,13,266,404,10,50,575,522,53,6789,8403,60404,20
"1999-04-23",75,1608,1608,0,1290,1257,33,8,13,260,496,7,133,657,601,56,6756,8364,60847,20
"1999-04-30",76,1866,1866,0,1314,1268,46,9,13,269,435,9,78,605,548,57,6840,8706,60720,20
"1999-05-07",77,1864,1864,0,1361,1306,55,8,14,267,419,10,99,575,512,63,6852,8716,61271,19
"1999-05-14",78,2014,2014,0,1491,1431,60,8,12,216,460,10,117,647,571,76,6693,8707,61192,18
"1999-05-21",79,1895,1895,0,1349,1266,83,8,14,259,606,8,131,768,703,65,6603,8498,61366,18
"1999-05-28",80,2021,1976,45,1883,1823,60,8,13,222,487,13,114,651,583,68,7742,9673,64445,17
"1999-06-04",81,1920,1874,46,1750,1674,76,8,14,261,547,11,120,683,638,45,7668,9496,64576,18
"1999-06-11",82,1947,1901,46,1384,1328,56,7,15,279,583,11,123,728,666,62,6595,8450,63615,18
"1999-06-18",83,2008,1963,45,1348,1288,60,7,14,252,569,13,126,720,650,70,6576,8494,62498,18
"1999-06-25",84,2238,2116,122,1583,1473,110,7,14,244,1332,10,834,1497,1410,87,6576,8570,63384,17
"1999-07-02",85,1946,1946,0,1572,1467,105,7,13,230,502,15,103,697,605,92,6196,8142,63328,17
"1999-07-09",86,2118,2118,0,2015,1945,70,8,13,236,412,10,96,584,491,93,6904,9022,63909,18
"1999-07-16",87,1700,1700,0,1230,1151,79,8,14,275,545,12,88,703,652,51,5940,7640,63658,19
"1999-07-23",88,2107,2107,0,1317,1240,77,8,14,271,637,16,101,816,749,67,6656,8763,64534,19
"1999-07-30",89,2387,2387,0,1485,1402,83,9,14,274,571,14,105,758,693,65,6184,8571,65415,19
"1999-08-06",90,2029,2028,1,1503,1416,87,9,13,251,510,14,87,695,628,67,5934,7961,64784,19
"1999-08-13",91,3283,2367,916,2059,1427,632,0,14,270,1294,14,837,1455,1403,52,7222,8673,65632,19
"1999-08-20",92,2217,2216,1,1769,1709,60,5,15,294,491,13,56,631,588,43,6411,8626,65904,19
"1999-08-27",93,1770,1767,3,1565,1515,50,5,15,288,492,14,58,625,595,30,6369,8133,66174,19
"1999-10-01",98,2450,2450,0,1680,1644,36,6,11,213,441,23,66,645,568,77,7112,9562,67838,19
"1999-10-08",99,2956,2956,0,1918,1878,40,12,12,253,455,7,105,660,579,81,7647,10603,68248,21
"1999-11-05",103,3227,3227,0,1807,1760,47,8,12,236,517,15,154,722,633,89,7769,10996,69841,19
"2000-01-07",112,3049,3048,1,2059,2021,38,6,11,198,486,14,189,686,596,90,7337,10384,72996,18
"2000-01-14",113,2816,2816,0,2982,2903,79,1,22,372,1356,18,222,1473,1438,35,2984,5800,76149,16
"2000-01-21",114,4449,4449,0,3759,3687,72,3,13,204,524,16,174,692,600,92,7478,11927,76486,15
"2000-01-28",115,2519,2519,0,2330,2276,54,4,14,223,548,9,180,699,616,83,7539,10058,76705,15
"2000-02-04",116,1833,1833,0,1968,1911,57,4,13,212,527,17,164,668,599,69,6715,8548,76474,16
"2000-02-11",117,1638,1638,0,1922,1862,60,5,14,244,573,9,204,719,659,60,6817,8455,77283,17
"2000-02-18",118,2578,2575,3,2278,2249,29,5,13,220,414,10,56,571,485,86,7798,10370,75942,16
"2000-02-25",119,2659,2659,0,2073,2052,21,5,14,243,464,10,53,628,542,86,7744,10403,77562,17
"2000-03-24",123,2646,2646,0,2197,2167,30,5,18,286,580,13,67,703,629,74,7829,10475,80463,15
"2000-03-31",124,2683,2683,0,2296,2259,37,5,18,313,589,13,68,696,649,47,7852,10535,81092,17
"2000-04-07",125,3276,3276,0,2342,2304,38,5,16,278,483,14,56,622,559,63,8143,11419,80743,17
"2000-04-21",127,3750,3690,60,2600,2488,112,5,15,262,1911,10,1399,2060,1991,69,8116,11746,81388,17
"2000-05-12",130,2596,2529,67,1811,1735,76,5,17,288,1127,12,612,1218,1193,25,7186,9648,85446,16
"2000-05-19",131,2524,2347,177,1649,1526,123,5,17,288,1279,16,614,1387,1353,34,7186,9356,85559,16
"2000-05-26",132,2782,2693,89,1941,1818,123,5,17,288,1297,15,614,1384,1362,22,7186,9790,86383,16
"2000-06-02",133,2739,2657,82,2011,1906,105,5,17,288,1273,15,613,1362,1327,35,7186,9761,85105,16
"2000-06-09",134,3372,3372,0,2265,2210,55,5,16,270,665,11,190,786,731,55,8027,11399,84322,16
"2000-06-16",135,3970,3970,0,2739,2688,51,4,17,260,655,19,164,799,708,91,8418,12388,86266,15
"2000-06-23",136,3961,3961,0,2841,2808,33,5,13,202,438,14,66,595,512,83,8823,12784,84536,15
"2000-06-30",137,4867,4867,0,3186,3152,34,5,15,255,531,16,80,696,610,86,8553,13420,87434,17
"2000-07-07",138,5143,5141,2,3230,3212,18,6,16,263,573,20,66,725,636,89,8736,13875,88322,16
"2000-07-14",139,4805,4805,0,3339,3321,18,3,16,228,514,13,49,637,549,88,9032,13837,88468,14
"2000-07-21",140,4461,4461,0,3142,3090,52,6,15,267,536,5,85,721,636,85,8415,12876,87752,17
"2000-07-28",141,4193,4193,0,2701,2660,41,4,16,254,576,10,70,715,639,76,8367,12560,88795,15
"2000-08-04",142,3558,3558,0,2592,2571,21,4,15,249,515,9,69,664,595,69,8353,11911,88258,16
"2000-08-11",143,4101,4101,0,3310,3281,29,4,13,229,448,9,68,627,543,84,8654,12755,88661,17
"2000-08-18",144,4060,4052,8,3327,3296,31,4,14,239,491,16,69,668,583,85,8683,12727,94577,17
"2000-09-08",147,3666,3666,0,3161,3137,24,4,14,253,447,16,53,610,536,74,8632,12298,95615,18
"2000-09-15",148,4173,4173,0,3884,3859,25,5,14,221,432,18,51,609,510,99,8994,13167,98162,15
"2000-09-22",149,3842,3842,0,3332,3298,34,5,15,254,481,17,66,614,539,75,9129,12971,97972,16
"2000-09-29",150,3712,3712,0,3405,3369,36,6,16,289,523,15,56,626,576,50,9464,13176,94573,18
"2000-10-06",151,3574,3574,0,3199,3155,44,6,15,259,518,16,67,630,576,54,9193,12767,93711,17
"2000-10-13",152,3350,3350,0,2763,2714,49,4,16,270,602,18,73,728,670,58,8633,11983,94144,16
"2000-10-20",153,3252,3252,0,2734,2684,50,4,16,270,598,17,68,713,662,51,8592,11844,94453,16
"2000-10-27",154,3495,3495,0,2822,2775,47,4,16,270,589,19,65,709,654,55,8647,12142,94834,16
"2000-11-03",155,2311,2311,0,2157,2123,34,2,20,328,1217,13,122,1314,1286,28,6485,8796,95846,16
"2000-11-24",158,4043,4043,0,3373,3316,57,4,14,231,629,17,84,787,718,69,8863,12906,98179,16
"2000-12-08",160,3669,2292,1377,3809,3397,412,5,12,211,1883,7,1160,2044,1977,67,10080,10995,67472,17
"2000-12-15",161,5129,5129,0,5002,4953,49,5,15,255,605,11,86,768,697,71,10119,15248,102318,17
"2000-12-22",162,4108,3813,295,4547,4321,226,1,13,211,701,12,184,841,767,74,10085,13603,81265,16
"2000-12-29",163,17549,17538,11,16803,16742,61,2,17,250,767,10,106,848,792,56,9944,27471,109050,14
"2001-01-05",164,16765,16648,117,16318,16181,137,2,17,255,1827,10,1123,1930,1871,59,9944,26475,108046,15
"2001-02-16",170,15591,15550,41,15815,15743,72,3,16,281,790,16,73,899,862,37,9352,24861,102840,17
"2001-02-23",171,17192,17192,0,16227,16141,86,2,19,310,1015,2,129,1085,1051,34,8135,25327,117910,16
"2001-03-02",172,16286,16286,0,16060,15927,133,2,18,280,1111,23,156,1177,1140,37,9139,25425,117999,15
"2001-03-09",173,16033,16033,0,15487,15360,127,3,17,298,1037,16,151,1114,1093,21,9455,25488,118474,17
"2001-03-16",174,15937,15937,0,14828,14725,103,5,17,295,1042,3,172,1153,1121,32,9094,25031,117311,17
"2001-04-20",179,17602,17191,411,15531,15412,119,5,18,316,3029,19,2052,3098,3073,25,8891,25671,120621,17
"2001-04-27",180,17727,17474,253,15798,15690,108,5,18,313,4555,7,3652,4622,4598,24,8994,26215,121347,17
"2001-05-04",181,15071,15071,0,9997,9964,33,5,16,287,871,6,102,980,927,53,9590,24661,119643,17
"2001-06-01",185,7351,7351,0,3016,2969,47,1,26,401,4218,55,347,4268,4250,18,3983,11334,131730,15
"2001-06-08",186,1632,1632,0,942,864,78,2,27,415,5592,50,657,5627,5616,11,3885,5517,117567,15
"2001-06-15",187,4961,4961,0,2752,2737,15,2,20,338,1061,16,98,1144,1106,38,9016,13977,114220,16
"2001-06-22",188,5579,5579,0,3141,3126,15,3,18,293,884,13,100,1012,955,57,9270,14849,113834,16
"2001-06-29",189,4781,4781,0,2709,2700,9,2,18,301,901,8,99,1025,982,43,9220,14001,111156,16
"2001-07-13",191,4103,4103,0,2336,2320,16,2,20,313,1067,11,101,1161,1121,40,9073,13176,111065,15
"2001-07-20",192,4309,4309,0,2394,2359,35,2,19,304,1027,18,97,1138,1096,42,9222,13531,110744,16
"2001-07-27",193,4654,4654,0,3220,3181,39,2,19,307,1028,10,101,1104,1077,27,9182,13836,111897,16
"2001-08-03",194,4656,4656,0,3333,3298,35,4,19,329,1026,9,95,1095,1080,15,9586,14242,112590,17
"2001-08-10",195,6137,6137,0,4626,4595,31,4,17,289,950,9,103,1040,1007,33,9781,15918,113982,17
"2001-08-17",196,6226,6226,0,4783,4749,34,4,16,261,841,10,88,948,897,51,10002,16228,113924,16
"2001-08-24",197,6054,6054,0,4560,4549,11,4,18,300,901,12,92,983,942,41,10004,16058,114971,16
"2001-08-31",198,5907,5906,1,3885,3848,37,3,18,277,1034,13,111,1120,1071,49,9303,15208,114122,15
"2001-09-07",199,4580,4580,0,2957,2905,52,3,18,275,1137,12,205,1191,1167,24,9213,13793,114431,15
"2001-09-14",200,4434,4434,0,2857,2817,40,3,19,301,1026,14,102,1086,1063,23,9273,13707,115470,15
"2001-09-21",201,4297,4297,0,2757,2731,26,3,17,282,992,14,108,1100,1068,32,9184,13481,114380,16
"2001-09-28",202,5510,5510,0,4687,4673,14,2,20,314,1292,1,118,1363,1335,28,7027,12537,118545,15
"2001-10-05",203,3645,3645,0,2789,2767,22,2,21,328,1459,6,135,1506,1486,20,6964,10609,117173,15
"2001-10-12",204,4235,4235,0,2616,2601,15,3,20,317,1096,14,104,1143,1110,33,9272,13507,115792,15
"2001-10-19",205,3070,3070,0,2225,2199,26,2,21,313,1483,5,142,1540,1502,38,6785,9855,116150,14
"2001-10-26",206,3538,3538,0,2550,2530,20,2,21,339,1605,7,142,1660,1634,26,6498,10036,116226,16
"2001-11-02",207,4131,4131,0,2431,2420,11,3,19,300,940,21,105,1002,949,53,8972,13103,108708,15
"2001-11-09",208,4277,4277,0,2537,2533,4,3,19,296,918,17,87,986,931,55,9376,13653,110062,15
"2001-11-16",209,2621,2621,0,1867,1835,32,2,21,334,1555,3,218,1611,1590,21,6966,9587,110798,15
"2001-11-23",210,4475,4258,217,2993,2930,63,4,17,303,1326,19,573,1425,1384,41,9542,13583,109782,17
"2001-11-30",211,2481,2481,0,1858,1828,30,2,20,337,1648,22,235,1739,1718,21,6384,8865,109613,16
"2001-12-07",212,2600,2600,0,1847,1805,42,2,20,324,1724,24,234,1814,1789,25,6503,9103,109340,16
"2001-12-14",213,5835,5835,0,3846,3843,3,3,16,267,746,16,86,881,831,50,9434,15269,113320,16
"2001-12-21",214,6019,6019,0,4231,4227,4,3,15,251,698,10,87,862,788,74,9685,15704,113276,16
"2001-12-28",215,5921,5921,0,4127,4109,18,3,14,221,762,21,97,929,852,77,9590,15511,113256,15
"2002-01-04",216,5695,5695,0,4027,4006,21,3,16,256,789,16,87,937,862,75,9335,15030,113213,16
"2002-01-18",218,4916,4916,0,3078,3073,5,3,17,286,820,12,93,951,908,43,9434,14350,113929,16
"2002-01-25",219,5219,5219,0,3157,3152,5,3,18,283,833,9,93,943,886,57,9942,15161,113602,15
"2002-02-01",220,6123,6123,0,3362,3362,0,3,18,282,839,15,80,954,899,55,9977,16100,116603,15
"2002-02-08",221,5657,5657,0,2900,2883,17,2,18,292,996,16,154,1091,1048,43,9956,15613,116833,16
"2002-02-15",222,6728,6728,0,3888,3871,17,2,17,280,979,20,159,1097,1043,54,10039,16767,116735,16
"2002-02-22",223,5394,5394,0,3507,3488,19,2,18,290,1041,19,166,1165,1112,53,9821,15215,115023,16
"2002-03-01",224,4676,4676,0,2701,2682,19,2,18,293,1056,18,167,1156,1123,33,9999,14675,116200,16
"2002-03-08",225,5589,5589,0,3649,3622,27,2,18,278,997,13,96,1107,1050,57,9825,15414,116401,15
"2002-03-22",227,5632,5632,0,3661,3612,49,2,17,271,1024,20,152,1128,1076,52,9827,15459,114785,15
"2002-03-29",228,4088,4088,0,3136,3088,48,1,20,308,1639,25,235,1727,1690,37,6621,10709,115366,15
"2002-05-31",237,5796,5721,75,4120,4018,102,2,18,292,1522,14,305,1639,1571,68,9415,15061,117541,16
"2002-06-07",238,6034,5959,75,4388,4282,106,5,17,291,1539,14,323,1687,1616,71,9384,15268,118541,17
"2002-06-14",239,5941,5863,78,4236,4132,104,5,18,297,1342,15,236,1472,1408,64,9381,15166,121926,16
"2002-06-21",240,5977,5899,78,4255,4149,106,3,17,288,1313,13,238,1460,1400,60,9304,15125,122320,16
"2002-06-28",241,5576,5498,78,3844,3768,76,6,16,280,1182,15,177,1348,1283,65,9009,14429,118707,17
"2002-07-05",242,6009,5938,71,3983,3884,99,6,15,268,1328,3,324,1506,1441,65,9389,15256,118429,17
"2002-07-12",243,5667,5667,0,3775,3708,67,6,16,293,1441,16,396,1608,1550,58,9307,14974,118840,18
"2002-07-19",244,5749,5678,71,4192,4114,78,6,15,269,1039,14,168,1205,1133,72,9389,14996,117945,17
"2002-07-26",245,5515,5444,71,3805,3742,63,6,16,277,1073,12,181,1222,1159,63,9093,14466,118434,17
"2002-08-02",246,5202,5131,71,3672,3634,38,6,15,266,916,17,105,1066,1015,51,9371,14431,118772,17
"2002-08-09",247,4348,4275,73,2842,2803,39,5,15,264,983,15,110,1111,1070,41,9343,13545,119364,17
"2002-08-16",248,5931,5860,71,4011,3952,59,2,17,275,1234,15,178,1386,1308,78,8399,14188,118675,16
"2002-08-23",249,5433,5362,71,3609,3516,93,2,18,303,1565,17,373,1694,1641,53,8419,13710,119748,16
"2002-09-27",254,2841,20,2821,1443,566,877,3,3,59,40,6,27,129,73,56,19679,16878,118587,19
"2002-10-04",255,4441,22,4419,1919,449,1470,6,3,63,38,6,25,136,78,58,22056,17659,119338,21
"2002-10-11",256,1922,1326,596,2009,1464,545,0,4,80,150,4,134,235,213,22,16812,17542,120905,20
"2002-10-18",257,1297,1287,10,1677,1676,1,22,5,129,41,4,10,156,129,27,16380,17657,121083,25
"2002-11-01",259,1387,1371,16,1504,1497,7,24,4,106,27,5,10,111,87,24,16572,17927,121270,26
"2002-11-08",260,1593,1579,14,1732,1730,2,23,4,104,30,7,9,135,112,23,16351,17916,121693,26
"2002-11-15",261,1593,1593,0,1746,1746,0,26,3,82,23,5,9,113,90,23,16359,17952,121553,27
"2002-11-22",262,1751,1751,0,2568,2565,3,23,5,133,48,7,13,160,135,25,17188,18939,123167,26
"2002-11-29",263,1833,1832,1,2676,2676,0,25,4,109,41,7,13,144,113,31,17449,19280,123422,27
"2002-12-06",264,2184,2183,1,2622,2616,6,20,5,122,49,5,12,175,120,55,16839,19021,122766,24
"2002-12-13",265,2161,2149,12,2711,2622,89,24,4,104,38,8,11,182,128,54,17432,19569,123058,26
"2002-12-20",266,2816,2814,2,3153,3147,6,25,4,107,35,7,10,182,130,52,16105,18917,123852,26
"2002-12-27",267,3024,3022,2,3225,3221,4,25,3,79,22,7,8,185,114,71,16216,19236,124422,26
"2003-01-03",268,2970,2970,0,3150,3146,4,19,4,97,41,10,11,213,144,69,16231,19201,125131,24
"2003-01-10",269,2834,2834,0,3103,3096,7,25,3,78,26,7,10,185,117,68,16266,19100,125351,26
"2003-01-17",270,2936,2936,0,3201,3197,4,24,3,76,27,7,10,208,131,77,16222,19158,125777,25
"2003-01-24",271,4782,4781,1,4700,4693,7,21,3,74,25,8,9,156,106,50,16354,21134,127932,24
"2003-01-31",272,1833,1833,0,2308,2303,5,21,3,74,24,7,9,131,94,37,16342,18175,125258,24
"2003-02-07",273,471,471,0,775,775,0,22,3,75,21,5,9,88,63,25,16238,16709,122929,25
"2003-02-14",274,413,413,0,690,687,3,24,4,105,31,4,11,94,79,15,16233,16646,123303,26
"2003-02-21",275,488,486,2,708,704,4,25,3,79,22,4,10,94,76,18,16285,16769,123585,26
"2003-02-28",276,446,442,4,709,699,10,25,4,107,25,2,10,94,77,17,16232,16670,123951,26
"2003-03-07",277,469,461,8,915,910,5,26,2,53,13,4,9,115,75,40,15870,16323,124516,26
"2003-03-14",278,455,445,10,816,812,4,27,3,84,14,1,10,97,74,23,15774,16209,124864,28
"2003-03-21",279,830,818,12,1089,1089,0,25,3,80,15,4,6,134,86,48,16059,16865,125700,26
"2003-03-28",280,513,507,6,813,809,4,24,2,51,11,5,6,100,68,32,16631,17132,125411,25
"2003-04-04",281,795,794,1,1112,1110,2,19,6,143,54,1,13,186,154,32,16381,17174,129323,23
"2003-04-11",282,937,937,0,1045,1044,1,20,6,143,63,9,12,210,182,28,16033,16970,131395,23
"2003-05-02",285,573,563,10,815,811,4,21,8,200,70,5,11,168,160,8,16564,17117,128261,25
"2003-05-09",286,595,581,14,836,835,1,20,7,169,71,8,13,176,162,14,16455,17022,129192,24
"2003-05-16",287,529,525,4,700,697,3,22,6,148,53,5,10,148,136,12,16804,17325,128955,24
"2003-05-30",289,3768,3767,1,2121,2116,5,22,7,179,70,4,14,233,189,44,15888,19654,134577,25
"2003-06-06",290,3694,3655,39,2096,2060,36,21,7,176,80,7,15,241,194,47,15960,19576,134888,25
"2003-06-13",291,3795,3637,158,2274,2041,233,7,9,206,170,6,69,320,280,40,15838,19317,135471,22
"2003-06-20",292,3599,3582,17,2093,2087,6,18,9,212,109,6,15,249,212,37,15574,19139,135166,23
"2003-06-27",293,2927,189,2738,1845,1062,783,4,5,106,1152,6,1018,1221,1180,41,25824,23275,134999,21
"2003-07-04",294,2490,48,2442,1463,553,910,4,3,52,1148,45,1037,1185,1157,28,29005,26611,138468,17
"2003-07-11",295,3492,3492,0,2013,2013,0,22,6,152,68,8,15,225,183,42,16172,19664,139259,25
"2003-07-18",296,4074,4072,2,2541,2539,2,21,7,179,71,5,15,227,186,41,16152,20222,140493,25
"2003-07-25",297,3433,3415,18,1888,1877,11,21,6,149,67,3,14,223,181,42,16008,19405,139563,24
"2003-08-01",298,3439,3412,27,1891,1880,11,19,7,168,81,10,13,222,184,38,15259,18644,139889,24
"2003-08-08",299,2364,2361,3,1599,1597,2,20,7,171,88,11,15,214,196,18,15056,17414,141453,24
"2003-08-15",300,2402,2292,110,1650,1586,64,20,8,191,101,10,17,231,210,21,14335,16517,136806,23
"2003-08-22",301,2376,2337,39,1652,1573,79,20,8,195,121,10,31,245,227,18,14566,16864,142023,24
"2003-08-29",302,2351,2351,0,1591,1557,34,20,8,196,94,10,15,222,204,18,14480,16831,141901,24
"2003-09-05",303,2482,2347,135,1625,1551,74,19,9,220,142,3,49,286,262,24,14122,16334,141238,24
"2003-09-12",304,2365,2362,3,1580,1575,5,19,9,218,105,1,15,244,219,25,14124,16483,142416,24
"2003-09-19",305,2361,2359,2,1554,1550,4,19,9,218,111,9,16,247,222,25,13869,16226,142558,24
"2003-09-26",306,2701,2351,350,1828,1520,308,18,11,256,148,10,17,270,243,27,14292,16293,142731,23
"2003-10-03",307,3017,2359,658,2078,1577,501,19,10,237,137,12,17,263,234,29,15042,16743,144026,23
"2003-10-10",308,2373,2373,0,1696,1696,0,19,10,238,172,13,21,308,279,29,15170,17543,145686,23
"2003-10-17",309,2401,2380,21,1579,1566,13,19,10,237,170,14,21,317,290,27,14066,16425,146257,23
"2003-10-24",310,2418,2416,2,1735,1735,0,18,9,210,142,5,19,296,268,28,14595,17009,146615,23
"2003-10-31",311,2843,2843,0,2117,2117,0,17,10,224,162,14,18,295,270,25,15016,17859,146874,22
"2003-11-07",312,2860,2859,1,2105,2102,3,17,10,232,172,14,24,302,277,25,14343,17201,146866,23
"2003-11-14",313,1056,1012,44,1186,1171,15,18,11,260,180,4,21,301,296,5,14302,15270,147183,23
"2003-11-21",314,1036,1016,20,1185,1157,28,18,12,282,198,7,24,302,297,5,14219,15215,147367,23
"2003-11-28",315,1044,1044,0,1238,1235,3,18,11,257,162,5,19,271,267,4,14224,15268,147897,23
"2003-12-05",316,1038,1037,1,1237,1234,3,18,10,233,155,6,19,266,260,6,14335,15371,148089,23
"2003-12-12",317,1153,1028,125,1335,1208,127,18,9,213,412,14,284,531,525,6,14370,15273,147708,23
"2003-12-19",318,1221,1220,1,1385,1379,6,19,9,215,148,13,22,287,272,15,14462,15681,148351,23
"2003-12-26",319,1202,1201,1,1377,1372,5,19,10,238,165,6,24,316,302,14,14457,15657,149781,23
"2004-01-02",320,1209,1196,13,1393,1381,12,19,10,241,167,4,29,321,306,15,14638,15821,149818,24
"2004-01-09",321,1064,1061,3,1219,1209,10,18,11,258,183,4,25,327,313,14,14478,15536,149911,23
"2004-01-16",322,842,839,3,1156,1153,3,19,10,239,153,5,19,304,289,15,14523,15359,149760,23
"2004-01-23",323,696,689,7,1022,1019,3,19,10,241,148,6,21,304,290,14,14510,15192,150253,24
"2004-01-30",324,578,571,7,932,901,31,18,10,240,159,7,20,313,298,15,14608,15172,150357,24
"2004-02-06",325,570,570,0,952,946,6,18,9,214,120,5,16,277,262,15,14536,15106,150679,23
"2004-02-13",326,615,614,1,989,962,27,18,9,214,116,5,16,275,260,15,14554,15167,151607,23
"2004-02-20",327,611,610,1,975,969,6,16,9,213,122,5,17,280,264,16,14779,15388,151915,23
"2004-02-27",328,701,700,1,1151,1151,0,15,9,211,121,4,16,286,264,22,14738,15437,151261,23
"2004-03-05",329,650,648,2,998,989,9,17,9,213,127,4,19,281,266,15,15456,16102,154490,23
"2004-03-12",330,631,623,8,969,959,10,20,9,224,116,3,19,283,267,16,15549,16164,154091,24
"2004-03-19",331,663,661,2,1074,1065,9,18,8,197,100,2,18,265,249,16,15751,16410,154777,24
"2004-03-26",332,665,664,1,1116,1109,7,19,8,192,109,2,17,271,243,28,15662,16325,153990,24
"2004-04-02",333,655,653,2,933,920,13,18,8,187,123,12,18,279,253,26,15817,16468,154485,23
"2004-04-09",334,651,651,0,900,892,8,16,9,207,148,15,19,294,280,14,15913,16564,157238,23
"2004-04-16",335,631,630,1,873,866,7,16,11,261,164,1,20,342,332,10,15970,16599,158765,23
"2004-04-23",336,641,641,0,978,978,0,16,10,230,160,3,20,324,305,19,15697,16338,158037,23
"2004-04-30",337,646,645,1,979,971,8,16,11,252,173,3,23,346,327,19,15848,16492,157742,22
"2004-05-07",338,608,606,2,909,900,9,16,11,252,162,2,22,303,292,11,15854,16458,157829,22
"2004-05-14",339,592,592,0,876,868,8,19,9,213,153,7,22,312,301,11,15892,16484,159267,23
"2004-05-21",340,1028,614,414,1294,873,421,2,10,209,230,7,85,373,361,12,16274,16474,158562,20
"2004-05-28",341,569,562,7,984,976,8,17,8,188,111,11,20,241,227,14,16417,16972,160864,23
"2004-06-04",342,633,611,22,1102,996,106,7,7,157,115,12,24,241,227,14,17024,17613,153305,22
"2004-06-11",343,636,620,16,1006,991,15,17,9,214,143,7,23,291,281,10,17044,17648,154790,23
"2004-06-18",344,377,374,3,775,766,9,18,9,214,149,7,23,279,279,0,16558,16929,155169,23
"2004-06-25",345,314,314,0,581,571,10,18,11,260,190,4,26,339,339,0,16083,16397,156755,23
"2004-07-02",346,297,294,3,689,680,9,20,10,245,149,4,24,300,300,0,16124,16415,158411,24
"2004-07-09",347,310,308,2,609,598,11,20,10,245,158,5,24,306,306,0,16399,16705,158945,24
"2004-07-16",348,5339,5339,0,5551,5532,19,20,9,217,140,6,21,270,262,8,16057,21396,161378,24
"2004-07-23",349,5309,5291,18,5572,5550,22,20,9,217,139,7,24,286,279,7,16203,21476,162191,24
"2004-07-30",350,5347,5342,5,5605,5591,14,19,10,242,137,2,22,283,274,9,15868,21205,162830,24
"2004-08-06",351,5368,5364,4,5630,5615,15,19,9,214,124,3,21,246,239,7,15932,21292,162915,23
"2004-08-13",352,5322,5320,2,5537,5520,17,18,10,240,166,3,29,314,307,7,15705,21023,163317,24
"2004-08-20",353,5315,5307,8,5562,5537,25,20,8,195,123,6,26,249,238,11,15542,20841,161586,24
"2004-08-27",354,5321,5321,0,5462,5441,21,20,9,222,138,3,25,277,268,9,15680,21001,160941,24
"2004-09-03",355,5254,5246,8,5421,5409,12,20,7,170,110,11,23,213,201,12,16070,21308,162111,24
"2004-09-10",356,5290,5290,0,5457,5448,9,21,7,171,91,9,19,196,183,13,16120,21410,162993,24
"2004-09-17",357,5269,5268,1,5334,5324,10,18,9,215,123,11,18,228,216,12,15818,21085,163139,23
"2004-09-24",358,5341,5290,51,5428,5405,23,18,8,184,103,9,15,223,207,16,16457,21696,164029,23
"2004-10-01",359,5581,5309,272,5694,5506,188,15,8,193,269,10,185,391,370,21,16368,21405,164840,24
"2004-10-08",360,5890,5596,294,5861,5640,221,20,6,143,914,10,858,1068,1027,41,16831,22133,164950,23
"2004-10-15",361,5946,5653,293,6048,5827,221,20,6,141,1136,9,1075,1299,1256,43,16622,21982,165067,23
"2004-10-22",362,5912,5599,313,5862,5627,235,19,7,163,1147,12,1064,1279,1251,28,16540,21826,164513,23
"2004-10-29",363,5839,5534,305,5825,5595,230,17,8,181,1161,11,1063,1304,1276,28,16398,21627,165284,22
"2004-11-05",364,980,643,337,986,658,328,11,6,135,1129,6,1083,1208,1189,19,23725,24031,166355,22
"2004-11-12",365,5546,5221,325,5838,5607,231,19,6,147,1135,8,1075,1257,1237,20,16624,21520,166326,24
"2004-11-19",366,5522,5182,340,5740,5509,231,18,7,165,1137,8,1066,1256,1241,15,16944,21786,166313,23
"2004-11-26",367,5529,5195,334,5897,5661,236,17,9,202,1178,9,1073,1296,1283,13,16985,21846,168017,22
"2004-12-03",368,5071,5061,10,5634,5627,7,17,8,182,109,11,16,241,220,21,16985,22036,168878,22
"2004-12-10",369,5150,5145,5,5761,5757,4,17,7,154,89,9,14,229,196,33,16985,22125,169485,22
"2004-12-17",370,242,238,4,745,733,12,17,9,210,122,7,17,242,233,9,15674,15908,169456,23
"2004-12-24",371,5153,5153,0,5727,5717,10,16,8,181,104,7,17,252,214,38,16451,21604,169868,22
"2005-01-07",373,235,235,0,852,850,2,16,9,208,120,11,17,236,229,7,15676,15911,169138,23
"2005-01-14",374,262,260,2,852,850,2,18,9,214,154,11,22,277,272,5,15330,15588,169165,23
"2005-01-21",375,379,374,5,1009,1007,2,15,9,205,156,11,23,276,266,10,15380,15749,170065,22
"2005-01-28",376,368,249,119,739,696,43,16,9,212,147,13,22,249,247,2,15970,16100,169776,23
"2005-02-04",377,440,434,6,804,798,6,19,8,196,128,11,22,233,231,2,16204,16632,170570,24
"2005-02-11",378,257,248,9,920,916,4,17,10,236,155,8,23,268,267,1,15872,16111,171284,23
"2005-02-18",379,216,215,1,939,934,5,18,9,216,145,11,22,255,244,11,15987,16201,170192,24
"2005-02-25",380,248,243,5,661,650,11,19,9,221,134,11,21,234,231,3,16041,16279,170718,24
"2005-03-04",381,216,215,1,711,709,2,19,9,219,126,10,21,228,221,7,16150,16364,170826,24
"2005-03-11",382,373,370,3,738,738,0,20,8,202,109,11,16,217,212,5,16304,16671,171220,25
"2005-03-18",383,234,227,7,764,756,8,21,8,203,121,10,20,226,220,6,16323,16543,171813,25
"2005-03-25",384,230,223,7,792,786,6,21,8,203,105,9,20,210,204,6,16435,16651,172593,25
"2005-04-08",386,282,277,5,800,787,13,23,6,158,61,9,12,190,171,19,16806,17078,173023,26
"2005-04-15",387,295,295,0,853,847,6,23,6,158,67,9,17,197,177,20,16782,17077,173928,26
"2005-04-22",388,306,305,1,859,857,2,20,7,179,72,7,13,194,173,21,16929,17233,174494,25
"2005-04-29",389,210,205,5,866,861,5,20,7,174,90,9,20,216,192,24,16874,17074,175033,24
"2005-05-06",390,213,206,7,812,804,8,20,7,179,84,7,19,214,197,17,16878,17077,175222,25
"2005-05-13",391,206,205,1,672,668,4,19,7,178,83,8,16,197,187,10,16965,17169,175484,25
"2005-05-20",392,293,285,8,857,849,8,21,5,130,44,8,10,169,141,28,17379,17656,176265,26
"2005-05-27",393,296,289,7,888,885,3,21,5,131,54,9,14,178,151,27,17390,17672,176956,26
"2005-06-03",394,307,294,13,802,799,3,21,6,155,51,7,11,168,144,24,17474,17755,177355,25
"2005-06-24",397,317,315,2,827,824,3,19,8,192,80,4,12,178,162,16,17129,17442,179181,24
"2005-07-01",398,294,293,1,826,822,4,19,8,190,86,3,13,184,168,16,17383,17675,179156,23
"2005-07-08",399,335,335,0,880,877,3,19,8,195,76,3,14,174,161,13,17532,17867,179994,24
"2005-07-15",400,310,300,10,845,811,34,20,8,199,82,3,17,190,174,16,17156,17446,180461,24
"2005-07-22",401,205,186,19,687,672,15,19,8,192,95,10,15,193,186,7,17395,17562,180609,24
"2005-07-29",402,213,185,28,632,595,37,20,9,220,100,4,19,194,188,6,17600,17757,181110,24
"2005-08-05",403,325,323,2,694,691,3,19,9,214,115,9,16,236,231,5,17179,17500,182799,23
"2005-08-12",404,261,260,1,762,740,22,18,9,203,127,10,20,254,240,14,17300,17559,182987,22
"2005-08-19",405,266,255,11,741,721,20,18,9,207,118,10,20,245,232,13,17405,17649,183314,23
"2005-08-26",406,202,199,3,648,624,24,18,10,235,126,2,21,243,237,6,17234,17430,183563,23
"2005-09-02",407,248,247,1,789,724,65,17,9,212,110,2,19,231,222,9,17425,17671,184323,23
"2005-09-09",408,241,237,4,790,763,27,18,9,216,106,3,22,230,222,8,17487,17720,184962,24
"2005-09-16",409,457,441,16,1184,1172,12,19,7,174,85,5,19,222,205,17,17484,17909,185178,24
"2005-09-23",410,443,443,0,1187,1161,26,18,9,213,115,6,21,226,213,13,17565,18008,185748,23
"2005-09-30",411,442,440,2,1294,1269,25,16,9,209,116,5,21,241,222,19,17314,17752,185731,23
"2005-10-07",412,308,290,18,753,723,30,17,8,188,96,3,21,229,218,11,17611,17883,186575,23
"2005-10-14",413,319,319,0,747,721,26,18,8,189,108,10,19,232,224,8,17804,18123,186859,23
"2005-10-21",414,339,338,1,718,687,31,17,8,185,115,9,21,214,208,6,18112,18449,186216,23
"2005-10-28",415,487,486,1,1129,1103,26,16,7,167,94,10,17,223,199,24,18196,18681,186902,23
"2005-11-04",416,317,316,1,829,803,26,18,8,189,89,5,17,200,198,2,18497,18812,188404,23
"2005-11-11",417,275,274,1,835,809,26,18,8,190,89,4,17,200,199,1,18054,18327,189275,23
"2005-11-18",418,378,378,0,1121,1093,28,19,8,196,96,8,16,210,201,9,18178,18556,189663,24
"2005-12-02",420,379,378,1,1155,1127,28,20,8,198,75,2,13,191,182,9,17906,18283,190741,24
"2005-12-09",421,2007,373,1634,2307,1052,1255,0,8,172,141,6,56,242,225,17,19508,18247,190794,21
"2005-12-16",422,432,406,26,1154,1107,47,20,7,174,71,5,15,185,176,9,18110,18490,190408,24
"2005-12-23",423,309,308,1,1048,1008,40,20,7,170,69,8,13,174,156,18,18118,18425,189770,24
"2005-12-30",424,406,394,12,1206,1149,57,20,7,168,70,7,13,178,158,20,17938,18320,189871,24
"2006-01-06",425,399,397,2,1102,1060,42,20,8,197,81,8,14,181,167,14,18085,18480,190125,24
"2006-01-13",426,2021,406,1615,2463,1131,1332,0,8,177,107,4,38,204,182,22,19843,18634,190864,22
"2006-01-20",427,403,403,0,1232,1193,39,19,8,200,81,3,15,188,172,16,18163,18566,191582,25
"2006-01-27",428,567,383,184,1126,960,166,15,7,165,69,5,15,181,160,21,18008,18207,192260,23
"2006-02-03",429,404,402,2,1033,1012,21,22,6,151,59,7,12,174,155,19,18683,19083,193191,25
"2006-02-10",430,423,416,7,1092,1074,18,22,6,150,54,3,14,181,164,17,18303,18712,194094,25
"2006-02-17",431,347,341,6,998,970,28,22,6,151,53,3,12,178,162,16,18282,18617,194396,25
"2006-02-24",432,435,431,4,1025,1003,22,22,6,151,58,6,12,183,168,15,18820,19247,195110,25
"2006-03-03",433,579,572,7,1384,1355,29,22,5,122,45,5,12,183,154,29,18626,19191,195363,24
"2006-03-10",434,557,554,3,1364,1345,19,22,5,123,43,5,11,185,154,31,18704,19255,195865,24
"2006-03-17",435,418,418,0,1277,1254,23,21,5,121,44,4,11,174,148,26,18704,19122,196394,24
"2006-03-24",436,499,492,7,1282,1260,22,22,5,125,46,8,10,174,151,23,19274,19759,196795,25
"2006-03-31",437,848,384,464,1274,1209,65,23,4,100,37,9,10,175,149,26,19756,19676,197707,25
"2006-04-07",438,383,383,0,1134,1128,6,23,5,130,44,6,10,172,152,20,18809,19192,198182,26
"2006-04-14",439,617,615,2,1417,1415,2,22,5,127,40,3,10,172,149,23,18629,19242,198291,25
"2006-04-21",440,503,501,2,1385,1380,5,20,7,175,56,4,10,165,151,14,18388,18887,199471,25
"2006-04-28",441,531,530,1,1244,1239,5,21,7,171,69,6,12,173,165,8,18415,18944,199983,24
"2006-05-05",442,480,478,2,1302,1296,6,20,7,169,72,5,12,187,178,9,18798,19274,201630,24
"2006-05-12",443,493,492,1,1395,1395,0,20,7,172,75,7,15,206,195,11,18870,19361,202260,24
"2006-05-19",444,494,475,19,1360,1346,14,19,7,165,87,8,15,217,202,15,18884,19340,203367,23
"2006-05-26",445,493,493,0,1477,1476,1,19,7,164,83,6,14,202,187,15,18935,19428,203860,23
"2006-06-02",446,497,477,20,1743,1725,18,19,6,136,72,10,13,207,184,23,19545,20002,204190,22
"2006-06-09",447,532,532,0,1762,1760,2,19,7,164,90,8,16,237,216,21,19037,19569,205127,23
"2006-06-16",448,528,528,0,1581,1551,30,18,7,156,96,10,16,229,210,19,19682,20210,205722,22
"2006-06-23",449,518,505,13,1544,1514,30,18,7,155,96,11,17,227,209,18,19811,20303,206616,22
"2006-06-30",450,501,499,2,1234,1199,35,20,8,194,95,8,16,209,208,1,19421,19918,207025,24
"2006-07-07",451,494,489,5,1207,1182,25,20,9,216,111,8,17,225,217,8,19523,20007,207420,24
"2006-07-14",452,526,521,5,1178,1150,28,20,9,220,116,9,16,233,233,0,18901,19417,207557,24
"2006-07-21",453,504,498,6,1290,1264,26,20,8,192,110,10,18,220,212,8,19539,20031,209133,24
"2006-08-04",455,500,496,4,1246,1222,24,21,7,172,72,6,14,177,159,18,20279,20771,207574,24
"2006-08-11",456,549,496,53,1155,1078,77,19,7,172,79,8,15,176,163,13,20180,20623,208293,24
"2006-08-18",457,544,539,5,1151,1104,47,22,6,153,54,6,13,163,150,13,20205,20739,209170,25
"2006-08-25",458,406,401,5,965,940,25,20,8,198,91,8,16,199,193,6,19977,20373,210989,24
"2006-09-01",459,407,405,2,1058,998,60,20,8,198,96,8,17,189,180,9,20144,20547,210167,24
"2006-09-08",460,413,409,4,928,866,62,20,8,197,103,10,17,183,182,1,19672,20077,210591,24
"2006-09-15",461,2722,2717,5,2153,2139,14,20,8,195,114,10,19,200,192,8,19753,22465,214128,24
"2006-09-22",462,2624,2622,2,2110,2103,7,22,7,181,81,8,17,160,156,4,19664,22284,213323,25
"2006-09-29",463,2767,2762,5,2267,2253,14,23,5,129,53,8,14,145,134,11,20024,22781,214201,25
"2006-10-06",464,2779,2776,3,2263,2251,12,22,6,151,65,8,15,142,133,9,20037,22810,214746,25
"2006-10-13",465,2768,2670,98,2298,2170,128,23,6,157,111,5,67,181,176,5,20536,23108,215137,26
"2006-10-20",466,2710,2675,35,2304,2291,13,20,6,152,58,4,14,128,119,9,20937,23577,216420,25
"2006-10-27",467,2699,2698,1,2457,2438,19,23,5,129,48,6,15,142,118,24,21047,23744,216599,25
"2006-11-03",468,2958,2952,6,3611,3597,14,23,5,128,54,8,18,154,129,25,20889,23835,221149,25
"2006-12-08",473,2815,2813,2,3232,3226,6,25,4,108,32,2,13,105,93,12,20542,23353,220804,27
"2006-12-15",474,2819,2819,0,3274,3265,9,22,6,157,53,4,14,129,125,4,20320,23139,222074,26
"2006-12-22",475,2813,2798,15,3695,3686,9,20,6,153,53,4,12,136,124,12,21098,23881,222441,25
"2006-12-29",476,2847,2847,0,3824,3817,7,20,6,152,54,6,11,150,130,20,21202,24049,222909,25
"2007-01-05",477,2873,2846,27,3950,3947,3,20,6,153,64,8,17,175,160,15,21250,24069,223861,25
"2007-01-12",478,2924,2859,65,3553,3495,58,19,6,152,64,7,14,141,134,7,21253,24047,223568,25
"2007-01-19",479,2933,2930,3,3770,3768,2,21,5,126,48,8,13,140,122,18,21989,24916,224694,25
"2007-01-26",480,2852,2849,3,3969,3967,2,22,4,100,40,7,13,158,129,29,22372,25218,225443,25
"2007-02-02",481,2905,2903,2,3926,3924,2,20,5,123,54,8,14,144,126,18,22221,25122,226489,24
"2007-02-09",482,2920,2914,6,3883,3879,4,20,4,92,40,7,12,132,112,20,22415,25323,226870,23
"2007-02-16",483,2962,2960,2,3895,3889,6,20,5,120,57,10,14,138,125,13,22718,25676,229612,24
"2007-02-23",484,3390,3371,19,4200,4182,18,20,5,119,50,4,13,153,133,20,22801,26153,230115,23
"2007-03-02",485,3351,3343,8,4639,4632,7,19,6,135,65,3,13,181,162,19,22962,26297,232552,22
"2007-03-09",486,3324,3323,1,4363,4355,8,18,7,153,90,11,14,191,175,16,22757,26079,233516,21
"2007-03-16",487,3027,3025,2,4206,4198,8,18,8,182,100,11,15,170,166,4,23600,26623,233711,22
"2007-03-23",488,3450,3441,9,4490,4481,9,18,7,153,84,11,13,169,153,16,23643,27075,235009,21
"2007-03-30",489,3408,3406,2,4440,4435,5,17,8,178,108,10,15,189,175,14,23301,26705,235580,22
"2007-04-06",490,3355,3353,2,4424,4419,5,17,8,178,103,1,16,191,173,18,22849,26200,236433,22
"2007-04-13",491,3519,3518,1,4472,4467,5,17,7,148,105,12,18,191,163,28,22850,26367,236876,21
"2007-04-20",492,3247,3244,3,4358,4353,5,17,7,148,105,12,18,189,165,24,23092,26333,237691,21
"2007-04-27",493,3452,3423,29,4299,4293,6,17,6,131,91,11,18,195,166,29,23048,26442,238147,21
"2007-05-04",494,3423,3415,8,4154,4149,5,18,6,135,89,12,17,180,159,21,23201,26608,239034,22
"2007-05-11",495,3518,3513,5,4384,4383,1,18,7,157,103,5,20,204,175,29,23182,26690,239767,22
"2007-05-18",496,3296,3289,7,3705,3693,12,19,9,215,117,9,16,207,189,18,23191,26473,240476,23
"2007-05-25",497,3293,3284,9,3774,3758,16,19,9,214,110,9,16,189,171,18,23641,26916,240746,23
"2007-06-01",498,3471,3457,14,4043,4037,6,20,8,197,100,2,20,188,171,17,24158,27601,241442,24
"2007-06-08",499,3425,3405,20,4004,3991,13,18,8,186,113,9,18,206,184,22,23042,26427,241400,23
"2007-07-20",505,2799,2776,23,4881,4858,23,21,6,156,48,1,13,169,144,25,24334,27087,240110,26
"2007-07-27",506,3057,3041,16,5263,5255,8,20,7,179,68,4,15,188,163,25,23932,26957,242544,25
"2007-08-03",507,3075,3064,11,4739,4662,77,20,7,174,79,9,13,214,181,33,24369,27422,245394,24
"2007-08-10",508,2955,2938,17,5482,5433,49,20,6,150,64,6,15,203,155,48,24438,27359,243609,25
"2007-08-17",509,2996,2977,19,5802,5755,47,18,6,149,65,6,15,211,159,52,24018,26976,244397,24
"2007-08-24",510,2852,2828,24,4215,4198,17,22,8,204,72,4,12,146,142,4,24971,27775,245318,25
"2007-08-31",511,2995,2969,26,4722,4705,17,21,5,121,42,4,10,139,106,33,24688,27631,243672,24
"2007-09-07",512,2990,2969,21,5213,5199,14,21,5,124,38,5,10,128,100,28,25712,28660,245901,24
"2007-09-14",513,2961,2947,14,4977,4958,19,23,5,128,39,5,9,148,114,34,25829,28762,246727,25
"2007-09-21",514,3014,2934,80,4886,4865,21,22,5,122,47,6,11,172,127,45,25917,28771,247517,24
"2007-09-28",515,3660,3646,14,5709,5690,19,21,6,149,55,6,11,161,132,29,25952,29584,249788,24
"2007-10-05",516,3699,3681,18,5598,5579,19,20,7,171,69,6,12,158,133,25,25801,29464,250269,24
"2007-10-12",517,3635,3611,24,5822,5804,18,21,6,147,53,4,13,131,111,20,26258,29845,250981,24
"2007-10-19",518,3612,3601,11,5373,5361,12,21,6,147,56,5,12,162,128,34,26266,29856,251497,24
"2007-10-26",519,3752,3735,17,6350,6338,12,18,6,137,79,8,17,170,134,36,26567,30285,252700,22
"2007-11-02",520,3684,3627,57,5367,5357,10,21,8,200,80,1,15,158,138,20,27432,31002,253827,25
"2007-11-09",521,3650,3634,16,5384,5363,21,20,7,171,69,5,12,148,127,21,27461,31079,254970,24
"2007-11-16",522,3676,3639,37,5790,5765,25,19,7,165,83,7,13,165,138,27,26435,30037,254869,23
"2007-11-23",523,3665,3638,27,5947,5933,14,19,6,142,77,9,16,157,134,23,26506,30117,255765,23
"2007-11-30",524,4013,3658,355,6278,6073,205,19,6,145,79,8,17,183,149,34,26825,30128,256652,24
"2007-12-07",525,3687,3675,12,5146,5127,19,20,6,144,56,6,13,123,101,22,26843,30506,256117,24
"2007-12-14",526,2912,2893,19,4139,4118,21,22,7,178,80,7,16,159,148,11,25257,28131,255731,25
"2007-12-21",527,2934,2917,17,4543,4524,19,21,7,176,67,4,15,151,138,13,25484,28384,256160,25
"2007-12-28",528,3717,3693,24,5773,5750,23,18,7,171,77,3,17,168,140,28,26919,30588,257918,24
"2008-01-04",529,2910,2892,18,4830,4811,19,19,8,193,98,6,16,190,172,18,24883,27757,257054,24
"2008-01-11",530,3044,3006,38,5079,5050,29,19,7,170,90,1,22,187,165,22,25551,28519,257802,24
"2008-01-18",531,3022,2978,44,5157,5098,59,19,7,164,98,4,21,198,172,26,25693,28627,258362,23
"2008-01-25",532,2953,2910,43,5612,5551,61,18,6,142,83,3,20,184,161,23,25854,28721,258776,23
"2008-02-01",533,3546,2933,613,4501,4148,353,13,6,143,98,5,52,182,167,15,25985,28305,258377,23
"2008-02-08",534,3008,2967,41,5393,5334,59,18,7,161,96,3,21,188,167,21,25635,28561,260272,23
"2008-02-15",535,2961,2939,22,5146,5136,10,20,6,139,67,7,17,161,139,22,25838,28755,261390,23
"2008-02-22",536,3151,2963,188,4821,4805,16,20,8,194,94,3,19,195,185,10,25503,28278,262485,24
"2008-02-29",537,3221,3035,186,4649,4639,10,22,7,181,75,5,17,163,159,4,26607,29456,263801,25
"2008-03-07",538,3679,3416,263,5892,5882,10,20,7,167,88,7,20,225,181,44,25890,29043,263397,23
"2008-03-14",539,3808,3510,298,5922,5894,28,19,8,192,104,6,19,234,195,39,25855,29067,263934,24
"2008-03-21",540,3332,3043,289,5145,5124,21,24,6,159,64,6,16,158,145,13,27168,29922,266941,26
"2008-03-28",541,3073,3044,29,4883,4873,10,23,6,157,46,5,12,136,122,14,27056,30071,267731,26
"2008-04-04",542,3101,3092,9,5062,5057,5,17,8,197,93,6,17,180,166,14,26360,29443,268096,24
"2008-04-11",543,2946,2925,21,4567,4560,7,20,6,150,61,7,14,139,121,18,27018,29922,267980,25
"2008-04-18",544,3008,2985,23,4616,4578,38,23,7,182,62,2,14,155,144,11,26781,29743,270995,26
"2008-04-25",545,3295,3242,53,5190,5159,31,19,7,175,69,5,14,160,148,12,26743,29932,271313,25
"2008-05-02",546,3195,3175,20,4483,4475,8,22,6,156,54,4,13,140,132,8,27277,30432,272343,26
"2008-05-09",547,6459,3156,3303,7647,5176,2471,23,6,158,60,8,14,151,132,19,31717,31570,274493,26
"2008-05-16",548,6275,2966,3309,7869,5393,2476,21,6,150,71,10,17,172,144,28,32119,31776,274532,25
"2008-05-23",549,8600,5273,3327,9056,6563,2493,22,5,124,60,9,16,183,141,42,32319,34265,277080,24
"2008-05-30",550,6850,3437,3413,8018,5496,2522,22,6,152,64,7,14,148,125,23,32298,32322,270681,25
"2008-06-06",551,6602,3264,3338,7305,4809,2496,24,5,134,48,8,12,118,104,14,33044,32970,271096,26
"2008-06-13",552,6717,3346,3371,7715,5207,2508,23,5,129,55,9,13,134,111,23,35456,35431,275757,25
"2008-06-20",553,6877,3487,3390,7536,5004,2532,22,6,156,82,7,29,149,134,15,35233,35330,275256,26
"2008-06-27",554,6737,3399,3338,7595,5114,2481,22,6,155,56,3,13,145,117,28,36017,36078,276455,25
"2008-07-04",555,7142,3744,3398,7881,5346,2535,22,6,155,77,8,24,171,141,30,36124,36470,276491,25
"2008-07-11",556,7148,3742,3406,8090,5549,2541,21,6,147,84,10,25,175,142,33,36267,36603,277129,24
"2008-07-18",557,7154,3736,3418,7974,5429,2545,19,7,167,105,10,27,198,167,31,36081,36399,277931,23
"2008-07-25",558,6175,2683,3492,8168,5629,2539,21,6,153,84,6,26,166,137,29,36993,36184,276572,25
"2008-08-01",559,6045,2686,3359,7674,5178,2496,24,4,106,43,7,14,141,103,38,37889,37216,277917,26
"2008-08-08",560,6108,2684,3424,7929,5415,2514,22,5,127,58,8,14,131,102,29,37588,36848,278163,25
"2008-08-15",561,6158,2739,3419,8400,5850,2550,22,4,99,43,8,13,121,92,29,37877,37197,278729,24
"2008-08-22",562,6061,2697,3364,7224,4714,2510,24,4,104,33,6,11,112,84,28,38874,38207,279366,26
"2008-08-29",563,6300,2682,3618,7871,5118,2753,22,5,124,43,5,13,124,95,29,39692,38756,280224,24
"2008-09-05",564,6037,2692,3345,8099,5600,2499,21,6,148,58,5,14,136,108,28,39310,38657,280453,24
"2008-09-12",565,5889,2687,3202,6782,4439,2343,23,6,158,43,4,11,110,94,16,40120,39605,281847,26
"2008-09-19",566,5886,2697,3189,7933,5594,2339,25,5,135,39,5,12,114,96,18,39973,39481,282441,27
"2008-09-26",567,5886,2690,3196,7681,5341,2340,25,4,109,20,3,10,91,76,15,39946,39440,282678,27
"2008-10-03",568,5895,2682,3213,7993,5633,2360,22,4,101,30,3,13,113,81,32,41138,40607,283446,25
"2008-10-10",569,5924,2678,3246,8697,6339,2358,23,4,105,26,2,12,107,77,30,41417,40849,284355,26
"2008-10-17",570,5914,2662,3252,8767,6336,2431,22,4,106,31,4,13,114,83,31,41401,40811,284692,26
"2008-10-24",571,5980,2656,3324,8706,6255,2451,22,4,101,30,3,10,121,84,37,41840,41172,285749,25
"2008-10-31",572,5977,2647,3330,7634,5183,2451,22,6,153,57,5,19,133,110,23,40163,39480,285842,25
"2008-11-07",573,5849,2629,3220,8153,5759,2394,20,6,148,54,4,12,135,106,29,40267,39676,287885,24
"2008-11-14",574,6165,2764,3401,8448,5897,2551,22,5,126,38,4,10,107,86,21,40811,40174,288054,25
"2008-11-21",575,6090,2599,3491,8844,6406,2438,24,5,131,51,6,20,138,106,32,40659,39767,288196,26
"2008-11-28",576,5879,2631,3248,9055,6659,2396,22,3,76,27,6,12,127,85,42,42189,41572,288982,25
"2008-12-05",577,3391,36,3355,7197,4739,2458,19,5,127,54,3,22,144,115,29,43174,39855,289921,25
"2008-12-12",578,194,67,127,4444,4353,91,21,6,148,76,4,26,169,148,21,38857,38797,291258,24
"2008-12-19",579,108,53,55,5239,5218,21,20,6,148,69,5,16,181,151,30,39539,39537,291929,24
"2008-12-26",580,198,161,37,5286,5260,26,19,8,196,82,5,17,171,150,21,39155,39279,291240,24
"2009-01-02",581,106,62,44,4913,4887,26,18,8,191,88,3,19,176,155,21,38745,38763,291095,23
"2009-01-09",582,172,157,15,4925,4918,7,19,8,195,93,5,14,184,163,21,38948,39090,292531,24
"2009-01-23",584,104,86,18,5251,5247,4,22,7,179,79,6,15,174,155,19,39329,39397,293822,25
"2009-01-30",585,225,223,2,4852,4848,4,19,8,199,95,6,16,178,168,10,38473,38694,295448,24
"2009-02-06",586,91,82,9,4902,4897,5,21,8,202,95,6,19,180,169,11,37630,37703,293609,25
"2009-02-13",587,123,116,7,4929,4925,4,20,8,200,85,5,14,161,154,7,37826,37935,294961,25
"2009-02-20",588,168,143,25,5039,5026,13,21,8,201,86,6,15,166,157,9,37980,38098,295560,25
"2009-02-27",589,125,120,5,4562,4556,6,20,9,222,129,9,19,216,210,6,37284,37399,295793,24
"2009-03-06",590,117,83,34,4673,4668,5,20,8,200,104,8,16,198,192,6,37478,37527,297076,25
"2009-03-13",591,94,87,7,4696,4690,6,19,9,218,121,6,17,207,202,5,37382,37462,297492,24
"2009-03-20",592,112,104,8,4718,4714,4,19,9,210,136,9,19,218,210,8,37559,37655,298255,23
"2009-03-27",593,100,91,9,4508,4505,3,19,8,193,120,7,18,207,199,8,37109,37191,299387,24
"2009-04-10",595,88,79,9,5463,5463,0,21,7,170,92,7,17,193,168,25,37619,37689,299119,24
"2009-04-17",596,111,59,52,5254,5234,20,20,8,196,105,6,18,187,177,10,37343,37350,300151,24
"2009-04-24",597,208,72,136,4944,4931,13,21,7,170,90,6,18,178,164,14,37794,37730,301012,24
"2009-05-01",598,90,78,12,5078,5075,3,18,7,158,93,8,19,186,166,20,37627,37693,302031,22
"2009-05-08",599,190,185,5,4887,4886,1,17,8,188,112,8,18,201,184,17,37425,37605,302505,23
"2009-05-15",600,199,183,16,5148,5148,0,18,8,184,115,8,19,197,171,26,37278,37445,301678,23
"2009-05-22",601,1150,192,958,5535,5126,409,17,9,202,339,9,227,411,390,21,37997,37231,301687,22
"2009-05-29",602,179,177,2,5201,5192,9,18,9,207,124,8,18,203,179,24,37349,37524,302366,23
"2009-06-05",603,652,80,572,4530,4196,334,17,9,201,128,8,20,212,185,27,35841,35349,301367,22
"2009-06-12",604,81,79,2,4024,4019,5,19,8,192,101,7,18,196,174,22,35267,35344,301428,24
"2009-06-19",605,68,63,5,4249,4245,4,18,7,169,85,8,15,170,152,18,35442,35500,302457,24
"2009-06-26",606,82,73,9,4250,4245,5,16,6,132,73,11,14,171,137,34,35116,35180,302102,22
"2009-07-03",607,68,66,2,3954,3914,40,18,7,168,92,5,20,172,153,19,35669,35733,302691,24
"2009-07-10",608,3854,47,3807,5838,2929,2909,21,7,174,74,5,17,145,131,14,39882,36122,303333,24
"2009-07-17",609,77,64,13,3411,3368,43,21,7,178,76,6,15,147,137,10,36142,36193,304832,25
"2009-07-24",610,131,82,49,3690,3650,40,22,7,181,67,6,16,154,137,17,36056,36089,305833,25
"2009-07-31",611,72,55,17,4614,4571,43,17,7,162,86,7,17,179,148,31,35884,35922,306982,23
"2009-08-07",612,109,60,49,4706,4651,55,18,6,145,64,5,16,172,138,34,36429,36440,305406,24
"2009-08-14",613,345,117,228,4931,4724,207,24,5,134,50,6,13,186,146,40,36690,36579,304977,26
"2009-08-21",614,130,122,8,5285,5277,8,23,5,127,54,8,13,182,137,45,36759,36873,306332,25
"2009-08-28",615,84,76,8,4845,4842,3,20,7,174,78,6,15,190,150,40,36867,36935,306775,24
"2009-09-04",616,84,71,13,4274,4271,3,20,7,171,89,8,19,191,154,37,36858,36916,307368,24
"2009-09-11",617,127,109,18,5106,5102,4,20,7,171,86,9,18,187,150,37,36948,37039,307912,24
"2009-09-18",618,115,101,14,4354,4349,5,19,6,145,73,9,16,183,143,40,36986,37073,310049,24
"2009-09-25",619,123,110,13,3898,3897,1,21,6,149,69,8,17,148,127,21,36937,37034,310931,24
"2009-10-02",620,177,115,62,3984,3981,3,21,7,173,96,9,21,191,166,25,36484,36537,312053,24
"2009-10-09",621,159,118,41,4467,4450,17,19,6,141,75,9,23,173,145,28,36842,36919,312591,23
"2009-10-16",622,138,107,31,4835,4821,14,17,7,167,83,8,17,171,149,22,36802,36878,312756,23
"2009-10-23",623,94,86,8,4686,4666,20,20,8,194,100,8,18,184,174,10,36253,36331,313528,24
"2009-10-30",624,175,170,5,4854,4834,20,19,8,190,101,9,17,190,173,17,36219,36384,314130,23
"2009-11-06",625,193,103,90,4469,4368,101,16,9,210,120,10,18,195,182,13,36171,36184,314479,23
"2009-11-13",626,131,91,40,4469,4437,32,18,8,191,106,10,18,183,171,12,36364,36415,315155,23
"2009-11-20",627,212,106,106,4944,4927,17,18,7,160,83,9,15,175,143,32,37165,37165,315542,22
"2009-11-27",628,129,120,9,4827,4811,16,19,6,142,70,9,15,175,146,29,37183,37294,316540,23
"2009-12-04",629,194,160,34,4972,4957,15,17,7,167,74,4,15,183,153,30,37274,37400,317352,23
"2009-12-11",630,302,288,14,4819,4802,17,19,7,169,73,7,14,159,139,20,36758,37032,318224,24
"2009-12-18",631,381,370,11,5394,5377,17,16,7,159,82,8,15,179,143,36,37163,37522,319497,22
"2009-12-25",632,89,84,5,4855,4847,8,17,7,158,82,8,14,167,138,29,37238,37317,320720,22
"2010-01-01",633,80,80,0,4742,4734,8,18,5,121,52,7,14,163,128,35,37343,37423,319963,24
"2010-01-08",634,85,77,8,4652,4644,8,18,5,119,53,6,15,160,125,35,37389,37458,320254,23
"2010-01-15",635,78,73,5,4238,4231,7,18,5,122,51,6,13,149,123,26,37624,37692,321125,24
"2010-01-22",636,87,84,3,4427,4421,6,17,5,117,58,7,13,156,128,28,37067,37148,319553,23
"2010-01-29",637,207,68,139,4805,4799,6,16,6,139,64,3,15,151,126,25,37261,37190,320201,23
"2010-02-05",638,111,86,25,5018,5011,7,16,6,133,72,8,15,168,135,33,37264,37325,321112,22
"2010-02-12",639,108,108,0,5158,5120,38,16,7,163,82,4,15,179,145,34,36807,36915,321906,23
"2010-02-19",640,114,96,18,4561,4525,36,16,7,157,89,9,17,185,147,38,36801,36879,322249,22
"2010-02-26",641,264,224,40,4554,4484,70,17,7,174,79,7,15,171,146,25,36380,36564,322493,24
"2010-03-05",642,316,122,194,4594,4472,122,19,5,125,60,6,24,161,131,30,37421,37349,323524,25
"2010-03-12",643,93,90,3,4305,4262,43,17,6,148,68,8,15,138,119,19,37389,37476,324455,24
"2010-03-19",644,71,58,13,3741,3692,49,20,5,122,61,7,17,157,126,31,37518,37563,325145,24
"2010-03-26",645,97,77,20,3446,3396,50,19,6,145,71,8,17,153,134,19,37178,37235,326915,24
"2010-04-02",646,192,188,4,3413,3363,50,20,6,155,78,9,19,164,148,16,36344,36528,327305,25
"2010-04-09",647,113,74,39,3447,3397,50,20,7,179,95,7,19,182,165,17,36434,36469,328283,25
"2010-04-16",648,217,72,145,4176,4073,103,20,8,201,96,1,21,209,179,30,37140,37067,328883,25
"2010-04-23",649,289,264,25,4589,4539,50,20,5,119,68,7,21,181,141,40,36765,37004,329719,23
"2010-04-30",650,202,85,117,4073,4023,50,19,7,171,97,6,23,182,154,28,36872,36840,330524,24
"2010-05-07",651,127,94,33,4084,4047,37,17,7,176,97,7,17,195,163,32,36638,36699,329924,25
"2010-05-14",652,107,91,16,4567,4536,31,18,6,147,94,13,18,204,163,41,37063,37138,330839,24
"2010-05-21",653,98,90,8,3928,3895,33,19,7,172,94,6,16,200,164,36,37136,37218,330873,24
"2010-05-28",654,186,99,87,4599,4560,39,18,8,189,112,8,19,218,177,41,37268,37280,331332,23
"2010-06-04",655,90,81,9,4531,4500,31,19,8,193,112,6,20,219,188,31,36706,36778,332113,24
"2010-06-11",656,177,139,38,4753,4723,30,18,8,190,111,5,20,224,185,39,36876,36977,332606,23
"2010-06-18",657,253,133,120,5056,4998,58,19,6,140,89,12,19,211,164,47,37685,37698,333389,23
"2010-06-25",658,169,156,13,5223,5193,30,18,6,147,95,13,19,219,176,43,37382,37525,334208,24
"2010-07-02",659,161,113,48,5469,5434,35,18,6,141,90,9,21,221,172,49,38354,38419,335321,23
"2010-07-09",660,125,110,15,5211,5176,35,18,6,147,103,11,22,236,189,47,38453,38548,336068,24
"2010-07-16",661,130,111,19,5352,5317,35,20,6,149,97,12,24,224,179,45,38269,38361,336189,24
"2010-07-23",662,169,112,57,5434,5355,79,20,6,153,75,4,21,190,151,39,38565,38620,336822,25
"2010-07-30",663,209,188,21,5198,5154,44,20,7,176,107,5,23,225,188,37,38233,38400,339148,25
"2010-08-06",664,219,205,14,5357,5313,44,19,7,174,108,5,24,222,185,37,38494,38685,341151,24
"2010-08-13",665,442,410,32,5568,5568,0,20,7,175,107,7,21,212,176,36,38940,39318,343123,25
"2010-08-20",666,662,662,0,6071,6071,0,17,7,168,104,7,19,212,170,42,39274,39936,345818,24
"2010-08-27",667,696,683,13,5833,5830,3,18,7,163,112,10,21,220,177,43,39315,39985,348254,23
"2010-09-03",668,785,775,10,6195,6176,19,18,6,140,86,7,19,194,150,44,40484,41249,350605,23
"2010-09-10",669,1082,913,169,6274,6169,105,18,7,164,96,7,19,207,160,47,40475,41219,352067,23
"2010-09-17",670,177,155,22,5304,5275,29,22,6,151,70,4,19,191,149,42,39583,39716,343027,25
"2010-09-24",671,171,146,25,5366,5310,56,19,7,175,75,3,17,185,147,38,39480,39601,343147,25
"2010-10-01",672,171,130,41,4334,4269,65,19,7,173,77,4,18,187,151,36,39429,39518,344372,24
"2010-10-08",673,135,110,25,4580,4540,40,22,7,180,78,2,19,185,154,31,39511,39596,345203,25
"2010-10-15",674,116,69,47,5268,5215,53,23,5,128,57,4,19,165,130,35,40154,40176,345624,25
"2010-10-22",675,410,397,13,4286,4286,0,22,4,104,28,6,8,131,91,40,40901,41285,346296,26
"2010-10-29",676,343,320,23,5319,5274,45,21,6,152,76,7,19,195,162,33,38627,38924,347924,25
"2010-11-05",677,318,304,14,5247,5202,45,18,7,169,98,11,20,218,176,42,38435,38725,347754,24
"2010-11-12",678,418,280,138,5466,5334,132,18,6,141,96,13,23,224,175,49,39791,39933,349560,23
"2010-11-19",679,301,292,9,5259,5163,96,18,6,141,91,12,24,221,175,46,39746,40029,350630,23
"2010-11-26",680,309,292,17,5955,5887,68,18,6,144,78,4,22,224,164,60,39106,39381,350818,24
"2010-12-03",681,2261,2254,7,7003,6935,68,17,7,163,105,8,24,248,191,57,36284,38531,351104,23
"2010-12-10",682,2474,2356,118,7302,7239,63,18,7,166,106,8,24,240,201,39,36195,38433,354290,23
"2010-12-17",683,2257,2216,41,7157,7096,61,16,8,191,123,11,24,280,229,51,36033,38208,352809,23
"2010-12-24",684,2025,2020,5,4477,4414,63,22,6,155,58,6,17,161,135,26,36782,38797,354031,25
"2010-12-31",685,2020,2014,6,4491,4430,61,24,6,159,57,7,16,167,140,27,37317,39325,353625,26
"2011-01-07",686,2079,2024,55,4552,4491,61,25,4,108,33,5,15,146,119,27,37033,39002,354361,27
"2011-01-14",687,2068,2044,24,4348,4287,61,22,7,181,64,7,17,164,139,25,37451,39471,355574,25
"2011-01-21",688,2040,2028,12,4099,4039,60,24,5,134,42,6,16,149,126,23,37098,39114,357323,26
"2011-01-28",689,2171,2142,29,4421,4361,60,21,7,178,62,6,16,158,134,24,36886,38999,355060,25
