date,ge4,ge12,ge25,ge50,ge100,ge150,ge200,ge250,ge300
1997-11-14,0,0,0,0,0,0,0,0,0
1997-11-21,0,0,0,0,0,0,0,0,0
1997-11-28,0,0,0,0,0,0,0,0,0
1997-12-05,0,0,0,0,0,0,0,0,0
1997-12-12,52692,0,0,0,0,0,0,0,0
1997-12-19,53577,0,0,0,0,0,0,0,0
1997-12-26,56718,0,0,0,0,0,0,0,0
1998-01-02,59416,0,0,0,0,0,0,0,0
1998-01-09,60214,0,0,0,0,0,0,0,0
1998-01-16,61202,0,0,0,0,0,0,0,0
1998-01-23,62000,0,0,0,0,0,0,0,0
1998-01-30,62378,43170,0,0,0,0,0,0,0
1998-02-06,62852,43776,0,0,0,0,0,0,0
1998-02-13,63486,45439,0,0,0,0,0,0,0
1998-02-20,64489,47725,0,0,0,0,0,0,0
1998-02-27,65109,48282,0,0,0,0,0,0,0
1998-03-06,65556,49077,0,0,0,0,0,0,0
1998-03-13,66087,49655,0,0,0,0,0,0,0
1998-03-20,66699,50087,0,0,0,0,0,0,0
1998-03-27,67337,50584,0,0,0,0,0,0,0
1998-04-03,68170,51266,0,0,0,0,0,0,0
1998-04-10,68770,51765,0,0,0,0,0,0,0
1998-04-17,69481,52477,0,0,0,0,0,0,0
1998-04-24,70036,53016,36746,0,0,0,0,0,0
1998-05-01,70614,53504,37192,0,0,0,0,0,0
1998-05-08,71122,54142,38210,0,0,0,0,0,0
1998-05-15,71650,54688,40074,0,0,0,0,0,0
1998-05-29,72364,55265,40518,0,0,0,0,0,0
1998-06-05,72854,55783,41148,0,0,0,0,0,0
1998-06-12,73327,56223,41578,0,0,0,0,0,0
1998-06-19,73797,56683,41856,0,0,0,0,0,0
1998-06-26,74651,57166,42268,0,0,0,0,0,0
1998-07-03,75091,57591,42777,0,0,0,0,0,0
1998-07-10,75543,57985,43176,0,0,0,0,0,0
1998-07-17,76182,58645,43776,0,0,0,0,0,0
1998-07-24,76766,59109,44176,0,0,0,0,0,0
1998-07-31,77430,59515,44536,0,0,0,0,0,0
1998-08-07,77781,59914,45016,0,0,0,0,0,0
1998-08-14,78112,60618,45475,0,0,0,0,0,0
1998-08-21,78504,61000,45968,0,0,0,0,0,0
1998-08-28,78960,61362,46444,0,0,0,0,0,0
1998-09-04,79422,61836,46870,0,0,0,0,0,0
1998-09-11,79948,62298,47261,0,0,0,0,0,0
1998-09-18,80441,62704,47671,0,0,0,0,0,0
1998-09-25,80900,63018,48068,0,0,0,0,0,0
1998-10-02,81374,63340,48462,0,0,0,0,0,0
1998-10-09,81784,63707,48901,0,0,0,0,0,0
1998-10-16,82268,64086,49299,30663,0,0,0,0,0
1998-10-23,82663,64432,49725,30959,0,0,0,0,0
1998-10-30,83138,64814,50083,31314,0,0,0,0,0
1998-11-06,83668,65173,50638,32181,0,0,0,0,0
1998-11-13,84169,65577,50978,32488,0,0,0,0,0
1998-11-20,84690,65974,51288,32937,0,0,0,0,0
1998-11-27,85223,66360,51603,33289,0,0,0,0,0
1998-12-04,85645,66804,52028,33501,0,0,0,0,0
1998-12-11,86086,67168,52484,33810,0,0,0,0,0
1998-12-18,86599,67618,52783,34191,0,0,0,0,0
1998-12-25,87098,68015,53123,34439,0,0,0,0,0
1999-01-15,87602,68389,53459,34751,0,0,0,0,0
1999-01-22,87997,68850,53768,35045,0,0,0,0,0
1999-01-29,88525,69260,54076,35316,0,0,0,0,0
1999-02-05,88907,69614,54456,35693,0,0,0,0,0
1999-02-12,89891,70028,54756,36024,0,0,0,0,0
1999-02-19,90515,70514,55088,36402,0,0,0,0,0
1999-02-26,91073,70909,55412,36776,0,0,0,0,0
1999-03-05,91590,71281,55767,37116,0,0,0,0,0
1999-03-12,92056,71639,56175,37417,0,0,0,0,0
1999-03-19,92823,72050,56511,37722,0,0,0,0,0
1999-03-26,93317,72458,56902,38019,0,0,0,0,0
1999-04-02,93879,73321,57230,38320,0,0,0,0,0
1999-04-09,94412,73776,57559,38649,0,0,0,0,0
1999-04-16,95080,74154,57972,38972,0,0,0,0,0
1999-04-23,95644,74629,58325,39318,0,0,0,0,0
1999-04-30,96165,75069,58673,39627,0,0,0,0,0
1999-05-07,96746,75713,59132,40104,0,0,0,0,0
1999-05-14,97254,76177,59557,40407,0,0,0,0,0
1999-05-21,97878,76815,59905,40719,0,0,0,0,0
1999-05-28,98465,77296,60225,40994,0,0,0,0,0
1999-06-04,99019,77750,60561,41276,0,0,0,0,0
1999-06-11,99540,78211,60936,41857,0,0,0,0,0
1999-06-18,100069,78704,61330,42153,0,0,0,0,0
1999-06-25,100767,79393,62088,42496,0,0,0,0,0
1999-07-02,101274,79783,62487,42827,0,0,0,0,0
1999-07-09,101754,80288,62824,43115,0,0,0,0,0
1999-07-16,102390,80794,63251,43412,0,0,0,0,0
1999-07-23,103140,81276,63635,43766,0,0,0,0,0
1999-07-30,103619,81734,64126,44074,0,0,0,0,0
1999-08-06,104115,82187,64549,44403,0,0,0,0,0
1999-08-13,104627,82728,65030,44695,0,0,0,0,0
1999-08-20,105345,83157,65442,45035,0,0,0,0,0
1999-08-27,106005,83605,65849,45419,0,0,0,0,0
1999-09-03,106652,84169,66259,45759,0,0,0,0,0
1999-09-10,107420,84782,66690,46095,0,0,0,0,0
1999-09-17,108121,85205,67310,46353,0,0,0,0,0
1999-09-24,108709,85709,67661,46620,0,0,0,0,0
1999-10-01,109329,86163,68067,46962,0,0,0,0,0
1999-10-08,109886,86564,68423,47297,23796,0,0,0,0
1999-11-05,110617,87096,68801,47610,24000,0,0,0,0
2000-01-07,111307,87593,69145,47993,24211,0,0,0,0
2000-01-14,111967,88142,69502,48270,24663,0,0,0,0
2000-01-21,112764,88671,69897,48531,24894,0,0,0,0
2000-01-28,115503,89113,70268,48777,25185,0,0,0,0
2000-02-04,121387,89573,70628,49045,25415,0,0,0,0
2000-02-11,123758,90019,71114,49354,25550,0,0,0,0
2000-02-18,124610,90575,71522,49611,25772,0,0,0,0
2000-02-25,125424,91172,71875,50167,26050,0,0,0,0
2000-03-03,126941,91781,72242,50488,26220,0,0,0,0
2000-03-10,127963,92447,72602,50742,26409,0,0,0,0
2000-03-17,128982,94911,72952,51094,26599,0,0,0,0
2000-03-24,130118,99759,73378,51379,26800,0,0,0,0
2000-03-31,130961,100553,73829,51771,27066,0,0,0,0
2000-04-07,131805,101221,74264,52094,27276,0,0,0,0
2000-04-21,132803,101952,74724,52435,27456,0,0,0,0
2000-04-28,133867,102977,75084,52796,27731,0,0,0,0
2000-05-05,134784,103771,75524,53102,27976,0,0,0,0
2000-05-12,135734,104626,75964,53363,28193,0,0,0,0
2000-05-19,137475,105437,76485,53695,28402,0,0,0,0
2000-05-26,138368,106125,76963,54068,28615,0,0,0,0
2000-06-02,139234,106775,77498,54274,28809,0,0,0,0
2000-06-09,140112,107514,78112,54627,29050,0,0,0,0
2000-06-16,141215,108469,80256,54958,29288,0,0,0,0
2000-06-23,142171,109261,84163,55259,29517,0,0,0,0
2000-06-30,143173,110452,84818,55560,29743,0,0,0,0
2000-07-07,144274,111947,85374,55882,30048,0,0,0,0
2000-07-14,145054,112675,85958,56228,30220,0,0,0,0
2000-07-21,146196,113362,86727,56541,30427,0,0,0,0
2000-07-28,148068,114038,87407,56831,30603,0,0,0,0
2000-08-04,148817,114985,88022,57279,30782,0,0,0,0
2000-08-11,149929,115800,88722,57623,31208,0,0,0,0
2000-08-18,150937,116638,89275,57928,31410,0,0,0,0
2000-08-25,151976,117591,89820,58298,31635,0,0,0,0
2000-09-01,152876,118277,90592,58617,31875,0,0,0,0
2000-09-08,154167,119187,91427,58908,32084,0,0,0,0
2000-09-15,159432,120255,92108,59277,32287,0,0,0,0
2000-09-22,160429,121036,93225,59650,32552,0,0,0,0
2000-09-29,161356,121928,94498,60055,32774,0,0,0,0
2000-10-06,162235,122808,95161,60441,32964,0,0,0,0
2000-10-13,163433,123700,95784,60746,33152,0,0,0,0
2000-10-20,164511,124485,96390,61092,33344,0,0,0,0
2000-10-27,165467,125569,97170,61505,33557,0,0,0,0
2000-11-03,166411,126481,97866,61967,33743,0,0,0,0
2000-11-10,167514,127362,98602,62304,33865,0,0,0,0
2000-11-17,168448,128115,99307,62579,33954,0,0,0,0
2000-11-24,169419,128817,99709,62899,34082,0,0,0,0
2000-12-01,170287,129328,100196,63863,34200,0,0,0,0
2000-12-08,171015,129849,100855,65497,34343,16557,0,0,0
2000-12-15,172042,130408,101273,65714,34450,16652,0,0,0
2000-12-22,172874,130952,101785,65883,34552,16757,0,0,0
2000-12-29,173925,131547,102322,66136,34672,16976,0,0,0
2001-01-05,176124,132054,102805,66554,34784,17071,0,0,0
2001-01-12,178043,132603,103200,66845,34883,17261,0,0,0
2001-01-19,179348,133149,103989,67123,34983,17407,0,0,0
2001-01-26,191818,133719,104492,67414,35094,17493,0,0,0
2001-02-02,192541,134455,104978,67657,35208,17626,0,0,0
2001-02-16,193448,135090,105396,67889,35456,17794,0,0,0
2001-02-23,194578,136026,105886,68259,35582,17877,0,0,0
2001-03-02,195707,138443,106269,68573,35700,17972,0,0,0
2001-03-09,197176,139977,106651,68822,35821,18057,0,0,0
2001-03-16,200667,140757,107022,69162,35944,18118,0,0,0
2001-04-20,202831,151798,107415,69718,36135,18222,0,0,0
2001-04-27,204023,152393,107835,70033,36232,18341,0,0,0
2001-05-04,205054,152925,108240,70329,36356,18406,0,0,0
2001-05-11,206606,153893,108657,70626,36495,18529,0,0,0
2001-05-18,212164,154994,109096,70982,36621,18664,0,0,0
2001-05-25,214106,155929,109588,71308,36737,18775,0,0,0
2001-06-01,225566,159606,110160,71544,36880,18864,0,0,0
2001-06-08,227441,161397,110664,71902,37021,18962,0,0,0
2001-06-15,230630,162325,111294,72131,37097,19048,0,0,0
2001-06-22,231887,163199,113960,72471,37262,19146,0,0,0
2001-06-29,233122,164760,114672,72881,37377,19257,0,0,0
2001-07-13,234133,169134,115270,73091,37493,19365,0,0,0
2001-07-20,235170,170591,115691,73396,37596,19450,0,0,0
2001-07-27,236079,172110,116174,73721,37720,19566,0,0,0
2001-08-03,237056,173419,116627,74055,37837,19635,0,0,0
2001-08-10,238830,174381,117789,74336,37992,19712,0,0,0
2001-08-17,240084,175714,119013,74743,38098,19799,0,0,0
2001-08-24,241479,176652,119702,75103,38228,19887,0,0,0
2001-08-31,243385,177488,124085,75464,38389,20141,0,0,0
2001-09-07,245031,178424,125597,75781,38509,20243,0,0,0
2001-09-14,246458,179268,126385,76139,38650,20309,0,0,0
2001-09-21,247955,180286,127172,76433,38781,20392,0,0,0
2001-09-28,249119,181803,128473,76726,38910,20488,0,0,0
2001-10-05,249994,182749,131746,77029,39032,20574,0,0,0
2001-10-12,251021,183677,132673,77326,39176,20673,0,0,0
2001-10-19,252461,184760,133431,77675,39362,20755,0,0,0
2001-10-26,253472,185663,134285,77956,39489,20867,0,0,0
2001-11-02,254487,186506,135025,78278,39600,20941,0,0,0
2001-11-09,255400,187756,135981,78706,39705,21018,0,0,0
2001-11-16,256326,188706,136679,79028,39831,21095,0,0,0
2001-11-23,257477,189452,137389,79448,40006,21190,0,0,0
2001-11-30,258566,190359,138123,79761,40138,21272,0,0,0
2001-12-07,260301,191177,138814,80331,40347,21332,0,0,0
2001-12-14,261190,191984,139584,83692,40561,21411,0,0,0
2001-12-21,262026,192904,140727,84216,41200,21508,0,0,0
2001-12-28,262889,193726,141505,84798,42007,21597,13586,0,0
2002-01-04,264017,194518,142245,84981,42159,21675,13658,0,0
2002-01-11,267394,195323,142966,85253,42282,21752,13736,0,0
2002-01-18,268342,196418,143765,85548,42433,21845,13870,0,0
2002-01-25,268770,197333,144427,86915,42650,21920,13936,0,0
2002-02-01,269257,198119,145149,88276,42843,21987,14074,0,0
2002-02-08,270242,198848,145859,88782,43005,22056,14180,0,0
2002-02-15,271224,199600,146495,94355,43181,22119,14243,0,0
2002-02-22,272127,200927,147314,95509,43314,22191,14345,0,0
2002-03-01,273278,203887,148038,96109,43481,22352,14485,0,0
2002-03-08,274375,204740,148753,96649,43731,22448,14551,0,0
2002-03-15,275260,205132,149436,97580,43967,22525,14625,0,0
2002-03-22,276229,205767,150104,99801,44117,22619,14699,0,0
2002-03-29,277451,206689,150797,100415,44336,22711,14745,0,0
2002-04-05,278350,207574,151449,100927,44638,22832,14815,0,0
2002-04-12,279156,208533,152460,101544,44773,22908,14913,0,0
2002-04-19,280277,209494,153357,102162,44959,22990,14958,0,0
2002-04-26,281377,210462,154105,102781,45155,23105,15052,0,0
2002-05-03,282490,211302,154772,103326,45422,23205,15167,0,0
2002-05-10,283408,212243,155519,103899,45623,23286,15263,0,0
2002-05-17,284290,213373,156455,104529,45761,23397,15334,0,0
2002-05-24,285230,214121,157631,105146,45976,23501,15411,0,0
2002-05-31,286023,214873,158243,105774,46124,23554,15475,0,0
2002-06-07,286974,215767,158600,106634,46301,23668,15538,0,0
2002-06-14,288004,216758,159222,107253,46590,23742,15598,0,0
2002-06-21,288846,217770,159979,107868,46736,23822,15677,0,0
2002-06-28,289647,218608,160772,108449,46945,23907,15748,0,0
2002-07-05,291066,219488,161681,109083,47167,24001,15833,0,0
2002-07-12,291838,220242,162573,109675,47410,24080,15888,0,0
2002-07-19,292816,220942,163325,110310,47607,24183,15937,0,0
2002-07-26,293881,221789,164029,110879,47808,24263,15992,0,0
2002-08-02,294548,222680,164854,111422,48022,24345,16064,0,0
2002-08-09,295497,223463,165862,112094,48262,24464,16271,0,0
2002-08-16,296300,224199,166526,112696,48494,24555,16356,0,0
2002-08-23,297133,224955,167166,113287,48736,24657,16402,0,0
2002-08-30,298088,225673,167868,113853,48926,24757,16472,0,0
2002-09-06,298995,226530,168655,114352,49129,24837,16550,0,0
2002-09-13,299783,227352,169236,114975,49356,24928,16615,0,0
2002-09-20,300570,227958,169884,115506,49554,25047,16700,0,0
2002-09-27,301335,228651,170594,116307,49774,25183,16758,0,0
2002-10-04,301959,229379,171226,117051,49966,25273,16853,0,0
2002-10-11,302700,230104,171849,117701,50179,25358,16904,0,0
2002-10-18,303648,230935,172513,118225,50405,25428,16953,0,0
2002-11-01,304634,231703,173174,118854,50623,25526,17019,0,0
2002-11-08,306135,232352,173852,119508,50896,25668,17083,0,0
2002-11-15,307592,233042,174499,120151,51118,25763,17126,0,0
2002-11-22,308684,233739,175190,120615,51659,25916,17176,0,0
2002-11-29,310292,234259,175798,120916,55001,26074,17233,0,0
2002-12-06,311500,234953,176366,121274,55368,26541,17292,0,0
2002-12-13,312357,235902,177092,121707,55856,27145,17365,11727,0
2002-12-20,313639,236843,177666,122311,55986,27263,17431,11789,0
2002-12-27,314394,238376,178286,123323,56199,27344,17493,11851,0
2003-01-03,315252,239724,178894,124165,56410,27479,17560,11958,0
2003-01-10,316208,240700,179527,124794,57604,27645,17625,12012,0
2003-01-17,317759,242194,180251,125386,58986,27811,17674,12129,0
2003-01-24,318437,243413,180867,126105,59347,27934,17730,12215,0
2003-01-31,319077,244233,181471,126968,65117,28068,17781,12260,0
2003-02-07,319881,245280,182100,127521,66013,28159,17840,12348,0
2003-02-14,320746,245925,182716,128092,66428,28267,17975,12471,0
2003-02-21,321718,246699,183170,128713,66818,28471,18049,12526,0
2003-02-28,322641,247660,183782,129379,67549,28645,18098,12589,0
2003-03-07,323495,248499,184618,129895,69109,28761,18175,12651,0
2003-03-14,324441,249106,185302,130466,69549,28931,18248,12688,0
2003-03-21,325228,249747,186555,131077,69923,29127,18332,12743,0
2003-03-28,326210,250484,187317,131662,70391,29236,18393,12822,0
2003-04-04,327084,251336,188310,132211,70847,29404,18463,12859,0
2003-04-11,327885,252098,189597,132747,71329,29548,18561,12923,0
2003-04-18,328806,252966,190437,133299,71748,29757,18644,13020,0
2003-04-25,329702,253714,191166,133849,72144,29937,18709,13085,0
2003-05-02,331852,254604,191982,134408,72589,30051,18791,13144,0
2003-05-09,332771,255307,192530,134973,73061,30214,18880,13197,0
2003-05-16,333707,256118,193236,135497,73520,30346,18927,13250,0
2003-05-23,334768,256902,193988,135981,74116,30492,19014,13298,0
2003-05-30,335618,257601,194629,136531,74595,30697,19073,13351,0
2003-06-06,336396,258424,195182,137048,75005,30821,19138,13412,0
2003-06-13,337731,259225,195788,137577,75440,30992,19207,13462,0
2003-06-20,339099,261226,196468,138089,75912,31163,19268,13533,0
2003-06-27,342641,261965,197203,138642,76338,31364,19332,13578,0
2003-07-04,343592,262738,197881,139290,76797,31534,19417,13621,0
2003-07-11,344300,263607,198662,139776,77223,31688,19475,13662,0
2003-07-18,345065,264360,199320,140267,77595,31881,19537,13721,0
2003-07-25,346008,265018,200002,140774,78046,32073,19624,13894,0
2003-08-01,350513,266174,200629,141262,78442,32246,19693,13965,0
2003-08-08,352277,267746,201366,141640,78861,32411,19781,14000,0
2003-08-15,353174,270779,202057,142143,79267,32561,19843,14049,0
2003-08-22,353960,271643,202672,142719,79643,32716,19912,14113,0
2003-08-29,354733,272339,203441,143294,80086,32895,19988,14170,0
2003-09-05,356968,273061,204190,144307,80432,33056,20075,14246,0
2003-09-12,357825,273936,205848,144953,80977,33237,20173,14296,0
2003-09-19,358752,277480,206538,145818,81490,33385,20243,14366,0
2003-09-26,359541,278181,207242,146844,81985,33551,20301,14406,0
2003-10-03,360310,279001,208072,147430,82381,33727,20345,14444,0
2003-10-10,361005,279729,208745,147992,82851,33892,20420,14498,0
2003-10-17,361816,280462,209356,148630,83262,34106,20522,14545,0
2003-10-24,362919,282337,210478,149105,83687,34288,20600,14582,0
2003-10-31,363968,284008,212275,149736,84004,34777,20734,14616,0
2003-11-07,364899,284902,215132,150412,84237,38793,20846,14663,0
2003-11-14,365886,285627,215924,150944,84522,39087,21224,14714,0
2003-11-21,366872,286360,216605,151402,84829,39546,21683,14773,10315
2003-11-28,368501,287004,217228,151859,85248,39676,21765,14829,10374
2003-12-05,369697,287814,217998,152478,85773,39818,21832,14882,10433
2003-12-12,370683,288776,221320,153079,86308,40023,21945,14938,10517
2003-12-19,371726,289891,221995,153645,86737,41126,22052,14989,10570
2003-12-26,372719,290745,222785,154313,87171,42438,22190,15027,10665
2004-01-02,373563,291686,223497,154889,87640,42711,22295,15064,10736
2004-01-09,374544,292718,224180,155514,88109,48103,22405,15108,10776
2004-01-16,375801,294679,225948,156103,88496,48818,22477,15155,10845
2004-01-23,377127,295684,227773,156754,88881,49161,22558,15266,10948
2004-01-30,377600,296572,228587,157340,89362,49464,22737,15325,10997
2004-02-06,378404,297514,229252,157883,89857,49962,22896,15370,11050
2004-02-13,379197,298484,229955,158508,90210,51133,22982,15437,11099
2004-02-20,380143,299273,230561,159165,90613,51453,23111,15497,11132
2004-02-27,380868,300273,231278,160149,91034,51727,23276,15571,11171
2004-03-05,381659,301625,232187,160732,91410,52103,23360,15625,11241
2004-03-12,382643,302932,233239,161350,91805,52493,23485,15685,11272
2004-03-19,383565,303328,233991,162125,92205,52885,23604,15760,11329
2004-03-26,384693,304115,234838,162663,92558,53210,23782,15822,11412
2004-04-02,385991,304890,235730,163182,92945,53530,23934,15878,11468
2004-04-09,387145,305785,236662,164217,93317,53889,24015,15949,11521
2004-04-16,388131,306473,237672,166160,93760,54250,24155,16024,11563
2004-04-23,389132,307220,238441,168399,94137,54568,24263,16064,11605
2004-04-30,391175,308141,239183,169055,94499,55040,24381,16130,11647
2004-05-07,393424,309006,240005,169671,94968,55427,24547,16185,11691
2004-05-14,394271,310059,240748,170209,95429,55758,24653,16241,11743
2004-05-21,395352,311254,241701,170873,95830,56080,24802,16302,11782
2004-05-28,396714,312343,242886,171446,96234,56471,24936,16349,11833
2004-06-04,397461,313246,244064,171970,96653,56812,25095,16404,11872
2004-06-11,398217,314137,244425,172676,97111,57162,25226,16475,11910
2004-06-18,399162,316090,245139,173309,97533,57489,25361,16522,11946
2004-06-25,400250,318176,245841,173827,97955,57780,25510,16575,11996
2004-07-02,401502,318957,246690,174344,98380,58131,25668,16656,12146
2004-07-09,403171,319889,247374,175747,98770,58452,25809,16715,12210
2004-07-16,404064,321154,248099,176331,99077,58800,25933,16793,12243
2004-07-23,405118,321868,248940,176904,99467,59137,26055,16845,12289
2004-07-30,406090,322639,249748,177442,99982,59468,26180,16905,12349
2004-08-06,408540,323579,250520,177937,100448,59842,26336,16968,12403
2004-08-13,411885,324660,251342,178554,101258,60139,26477,17046,12472
2004-08-20,412614,325696,252338,179345,101776,60584,26632,17134,12515
2004-08-27,413580,326753,253105,180190,102362,61013,26760,17196,12579
2004-09-03,414981,327525,253923,180795,103168,61425,26896,17246,12615
2004-09-10,415933,328480,255512,181541,103622,61747,27048,17284,12647
2004-09-17,416837,329446,256299,182217,104079,62133,27192,17344,12689
2004-09-24,418245,331915,257051,182938,104570,62479,27382,17435,12731
2004-10-01,419989,334952,257823,183803,104972,62812,27532,17504,12765
2004-10-08,420991,335624,258560,184481,105512,63072,27906,17618,12796
2004-10-15,422106,336598,259224,185093,106066,63254,31315,17697,12837
2004-10-22,423107,337982,259957,185772,106508,63500,31562,18005,12881
2004-10-29,424213,338886,260838,186411,106890,63746,31957,18387,12929
2004-11-05,425112,339702,261708,187280,107272,64101,32060,18459,12980
2004-11-12,426116,341115,262551,188091,107807,64531,32177,18520,13030
2004-11-19,427080,342745,263473,188609,108271,64981,32355,18602,13083
2004-11-26,428126,343706,264194,188964,108748,65348,33205,18695,13128
2004-12-03,429020,344786,265079,189642,109241,65732,34210,18799,13164
2004-12-10,429887,345731,265870,190213,109715,66131,34427,18894,13197
2004-12-17,431043,346687,268291,190941,110187,66509,39206,18980,13233
2004-12-24,432037,347459,271069,191560,110656,66837,39831,19040,13278
2004-12-31,433405,348413,271843,192183,111190,67154,40135,19111,13379
2005-01-07,434420,349327,272812,192890,111617,67561,40394,19266,13430
2005-01-14,435554,350364,274131,193618,112052,67956,40821,19415,13470
2005-01-21,436371,351202,275009,194412,112567,68232,41726,19491,13526
2005-01-28,437080,352033,275773,195156,113033,68574,42006,19601,13580
2005-02-04,437780,352977,277270,196026,113497,68918,42249,19749,13644
2005-02-11,438843,353806,278758,196660,114011,69244,42574,19824,13691
2005-02-18,439942,354614,279490,197412,114534,69593,42901,19922,13745
2005-02-25,440954,355525,280479,198327,115181,69927,43238,20013,13812
2005-03-04,441973,356472,281305,199041,115625,70215,43506,20164,13864
2005-03-11,443193,357252,282144,199720,116021,70523,43781,20297,13915
2005-03-18,444203,357934,282822,200375,116590,70855,44064,20364,13982
2005-03-25,445426,358608,283570,201030,118015,71203,44379,20494,14045
2005-04-01,446473,359515,284424,201626,119379,71500,44650,20587,14080
2005-04-08,447500,360454,285694,202316,119897,71808,45059,20694,14139
2005-04-15,448543,361430,286490,203107,120386,72163,45390,20833,14188
2005-04-22,449623,362349,287258,203889,120796,72545,45676,20932,14236
2005-04-29,450736,363496,288051,204681,121327,72888,45936,21069,14290
2005-05-06,451858,364487,288827,205426,121760,73246,46285,21191,14332
2005-05-13,452767,365671,289575,206065,122161,73599,46574,21339,14384
2005-05-20,453808,366668,290401,206853,122735,73989,46856,21449,14444
2005-05-27,454826,367659,291265,207587,123191,74351,47127,21575,14486
2005-06-03,455766,368646,291944,209925,123623,74698,47395,21702,14529
2005-06-10,456739,369614,292535,212370,124058,75068,47698,21832,14594
2005-06-17,457687,370700,293171,213137,125326,75403,47971,21941,14649
2005-06-24,458577,371809,294045,214065,125813,75665,48273,22053,14722
2005-07-01,459590,372648,294994,215270,126262,75994,48545,22166,14769
2005-07-08,460752,373655,295917,216086,126679,76422,48814,22273,14821
2005-07-15,461761,374689,296785,216802,127097,76788,49139,22419,14883
2005-07-22,462746,375603,297853,218126,127635,77438,49393,22543,14956
2005-07-29,463816,376569,298783,219442,128221,77876,49787,22679,15031
2005-08-05,464705,377419,299885,220109,128945,78375,50151,22791,15084
2005-08-12,465623,378253,300832,221007,129426,79049,50526,22902,15127
2005-08-19,466505,379208,301710,221740,129916,79429,50801,23029,15159
2005-08-26,467527,380194,302637,222488,130417,79808,51142,23154,15210
2005-09-02,469227,381102,303583,223156,130996,80218,51474,23315,15297
2005-09-09,470037,381956,304555,223846,131734,80529,51759,23442,15365
2005-09-16,470936,382968,305589,224551,132349,80971,51999,23730,15465
2005-09-23,471945,383825,306369,225745,132865,81403,52162,26564,15540
2005-09-30,473423,384679,307250,226451,133392,81782,52385,26780,15806
2005-10-07,474508,385522,308130,227119,133896,82104,52602,27135,16133
2005-10-14,475551,386455,308837,227796,134469,82445,52982,27222,16199
2005-10-21,476664,387852,309711,228430,135174,82918,53315,27328,16248
2005-10-28,477793,388593,310478,229105,135572,83305,53712,27472,16327
2005-11-04,478794,389437,311236,229849,135907,83694,54023,28211,16396
2005-11-11,479730,390375,312185,230578,136499,84089,54382,29041,16499
2005-11-18,480888,391503,313072,231149,136995,84467,54737,29234,16584
2005-11-25,482032,392467,313911,231566,137594,84860,55070,33532,16658
2005-12-02,483708,393478,314727,232133,138085,85280,55355,34076,16715
2005-12-09,484832,394523,315581,232976,138661,85772,55642,34346,16779
2005-12-16,485880,395611,316391,233885,139239,86119,55986,34571,16920
2005-12-23,486693,396582,317203,234723,139848,86493,56290,34947,17036
2005-12-30,487694,397463,318017,235466,140398,86867,56531,35747,17102
2006-01-06,488582,398591,318913,236314,141019,87224,56819,35995,17193
2006-01-13,489450,399713,320158,237114,141807,87624,57121,36199,17327
2006-01-20,490432,401111,320853,238065,142369,88021,57413,36459,17395
2006-01-27,491104,402159,321627,238947,143006,88433,57707,36743,17479
2006-02-03,491775,403117,322498,239708,143684,88994,58012,37042,17563
2006-02-10,492829,403875,323515,240560,144298,89381,58265,37262,17701
2006-02-17,494012,404830,324434,241384,144830,89726,58530,37507,17822
2006-02-24,495268,405668,325357,242198,145373,90168,58806,37749,17885
2006-03-03,496548,406478,326309,243099,145904,91135,59100,38033,18007
2006-03-10,498055,407340,327314,243787,146408,91976,59352,38268,18095
2006-03-17,499404,408005,328187,244595,147001,92461,59630,38623,18197
2006-03-24,500515,408677,329017,245335,147622,92834,59934,38913,18327
2006-03-31,501495,409639,330096,245948,148301,93171,60300,39162,18419
2006-04-07,502766,410691,331174,246728,148967,93615,60619,39393,18543
2006-04-14,503806,411849,332441,247390,149549,93996,60926,39693,18655
2006-04-21,504886,413015,333401,248108,150089,94364,61214,39944,18780
2006-04-28,505997,414322,334287,248951,150751,94894,61559,40193,18881
2006-05-05,507261,415546,335027,249707,151360,95278,61882,40420,18995
2006-05-12,508669,416521,335864,250446,153265,95637,62181,40669,19108
2006-05-19,509570,417470,336634,251197,155176,96009,62463,40947,19228
2006-05-26,511210,418653,337465,252023,155858,97370,62767,41176,19329
2006-06-02,512496,419672,338242,252764,156747,97821,63005,41434,19434
2006-06-09,513587,420735,338854,253501,157815,98210,63298,41677,19537
2006-06-16,514842,421808,339483,254267,158453,98575,63674,41907,19635
2006-06-23,515814,423011,340375,255091,159059,98964,63993,42172,19758
2006-06-30,516752,424457,341337,255895,160248,99466,64528,42403,19860
2006-07-07,517963,425350,342364,256552,161321,99961,64912,42760,19977
2006-07-14,519120,426422,343499,257177,161756,100601,65348,43022,20075
2006-07-21,520465,427401,344525,257943,162569,101040,65940,43355,20180
2006-07-28,521568,428183,345551,258874,163162,101468,66283,43607,20293
2006-08-04,522428,429216,346397,259739,163804,101877,66618,43896,20410
2006-08-11,523456,430160,347242,260570,164384,102401,66983,44199,20560
2006-08-18,524416,431077,348346,261421,164991,103009,67261,44455,20682
2006-08-25,525772,432250,349248,262391,165593,103536,67648,44661,20944
2006-09-01,526882,433394,350320,263161,166627,103992,68032,44807,23496
2006-09-08,527827,434708,351289,263910,167197,104438,68376,45010,23687
2006-09-15,529052,435635,352276,264874,167774,104912,68670,45204,24008
2006-09-22,530078,436435,353633,265886,168283,105383,68959,45537,24085
2006-09-29,531140,437392,354483,266997,168805,106025,69356,45829,24181
2006-10-06,532184,438273,355452,267889,169335,106389,69705,46171,24300
2006-10-13,534932,439615,356344,268657,169903,106695,70020,46457,24954
2006-10-20,536241,440688,357047,269346,170555,107228,70361,46750,25662
2006-10-27,537397,441605,357899,270128,171048,107658,70704,47076,25816
2006-11-03,538543,442609,358798,270864,171407,108214,71051,47369,29858
2006-11-10,539655,443593,359613,271603,171907,108648,71430,47623,30361
2006-11-17,541047,444620,360362,272314,172586,109162,71832,47872,30605
2006-11-24,542173,445697,361418,272786,173334,109674,72138,48194,30807
2006-12-01,544203,448383,362653,273382,174018,110215,72458,48469,31151
2006-12-08,545494,449674,363612,274100,174645,110702,72780,48677,31881
2006-12-15,546984,450719,364383,274737,175187,111208,73093,48925,32111
2006-12-22,548298,451686,365311,275495,175890,111873,73425,49207,32305
2006-12-29,549440,452747,366167,276335,176670,112369,73775,49473,32550
2007-01-05,550521,454093,367441,277289,177389,112911,74124,49747,32814
2007-01-12,552272,455188,368416,278238,178040,113483,74587,50001,33081
2007-01-19,553438,457128,369293,278992,178736,113976,74897,50230,33279
2007-01-26,554212,458386,370191,279762,179448,114419,75199,50481,33510
2007-02-02,555027,459694,371082,280807,180132,114907,75576,50731,33729
2007-02-09,556108,460973,371994,281645,180865,115382,76435,50998,33970
2007-02-16,557283,462094,373047,282638,181502,115834,77152,51225,34179
2007-02-23,558771,463111,375601,283540,182151,116330,77579,51486,34502
2007-03-02,560312,464667,376812,284386,182751,116848,77926,51747,34776
2007-03-09,562005,465706,377739,285700,183248,117411,78225,52093,34999
2007-03-16,564581,466441,378637,286426,183871,117986,78608,52379,35212
2007-03-23,566328,467264,379636,287199,184417,118495,78932,52673,35493
2007-03-30,568321,468270,380906,287907,185011,118980,79234,52939,35718
2007-04-06,569911,469327,381901,288583,185749,119576,79676,53237,35930
2007-04-13,571648,470786,383676,289422,186397,120095,80027,53459,36138
2007-04-20,573894,472192,384768,290283,187034,121730,80353,53739,36367
2007-04-27,575450,473706,386001,291077,187657,123313,80691,54005,36612
2007-05-04,577024,476221,387103,291807,188442,123910,81976,54276,36819
2007-05-11,578243,477882,388165,292757,189098,124486,82399,54495,37042
2007-05-18,579465,479716,389140,293692,189732,124969,82742,54752,37246
2007-05-25,580752,481311,390598,294531,190412,125528,83053,55085,37453
2007-06-01,582008,482966,391568,295271,191090,126064,83390,55367,37688
2007-06-08,583545,484711,392276,296147,191810,127009,83834,55716,37902
2007-06-15,584625,486157,392900,296927,192362,127831,84262,56054,38230
2007-06-22,585948,487197,393763,298078,192883,128217,84844,56451,38471
2007-06-29,586972,488149,394732,298958,193536,128817,85240,57003,38770
2007-07-06,587971,489239,395926,299719,194223,129281,85599,57279,39004
2007-07-13,589481,490368,397100,300451,194903,129828,85958,57573,39257
2007-07-20,590637,491402,398281,301220,195566,130298,86422,57902,39532
2007-07-27,592296,492327,400298,302030,196257,130818,86914,58145,39762
2007-08-03,593844,493273,401633,302732,197009,131285,87362,58492,39950
2007-08-10,594922,494437,403116,303531,197581,132125,87766,58841,40079
2007-08-17,597116,495381,404236,304353,198217,132567,88159,59148,40265
2007-08-24,599250,496279,405254,305170,198974,133028,88549,59421,40440
2007-08-31,600720,497581,406706,305934,199871,133449,88950,59662,40751
2007-09-07,602190,498672,407888,306798,200754,133867,89531,60002,41011
2007-09-14,603693,501143,408812,307970,201460,134286,89854,60293,41295
2007-09-21,604865,502475,409749,308858,202002,134776,90116,60547,41527
2007-09-28,606221,503492,410823,310110,202609,135272,90593,60866,41783
2007-10-05,608354,505667,411878,311046,203241,135693,90930,61173,42074
2007-10-12,609477,507569,412799,312059,203866,136006,91387,61483,42335
2007-10-19,611220,508797,413652,313043,204529,136438,91787,61834,42560
2007-10-26,613536,510121,414622,313834,205160,136992,92222,62152,42760
2007-11-02,614880,511529,415716,314682,205558,137582,92652,62420,43040
2007-11-09,616213,512798,416587,315641,206037,138154,93139,62700,43264
2007-11-16,617584,514053,417460,316490,206688,138668,93553,62976,43434
2007-11-23,618991,516130,418692,317117,207230,139140,94014,63253,43642
2007-11-30,620413,517190,419711,317727,207856,139734,94629,63547,43905
2007-12-07,621791,518901,423167,318598,208576,140369,95041,63859,44136
2007-12-14,623114,520893,424295,319495,209332,140982,95531,64161,44379
2007-12-21,624288,522152,425284,320589,210051,141565,96046,64561,44609
2007-12-28,625522,523398,427425,321603,210670,142140,96465,64837,44809
2008-01-04,626704,524709,429214,322659,211283,142722,96856,65116,45034
2008-01-11,627951,526027,430268,324328,212149,143289,97283,65451,45254
2008-01-18,629180,527420,431519,325589,212829,143879,97709,65873,45489
2008-01-25,630337,528784,432825,326976,213498,144437,98117,66285,45696
2008-02-01,631140,530009,433983,327921,214133,144982,98565,66668,45924
2008-02-08,632426,531097,435059,328839,214851,145479,99028,66979,46161
2008-02-15,633570,532215,436109,330237,215803,145909,99508,67251,46477
2008-02-22,634762,533325,437085,331250,216389,146434,100007,67584,46733
2008-02-29,636374,534497,438741,332039,216985,146886,100448,67876,46993
2008-03-07,637937,535646,440589,332860,217554,147372,100864,68145,47234
2008-03-14,639211,536609,441783,333834,218128,147993,101363,68528,47499
2008-03-21,640392,537415,442952,334831,218812,148548,101791,68834,47700
2008-03-28,641717,538628,444279,335625,219516,149095,102282,69122,47951
2008-04-04,643112,539737,445501,336412,220173,149636,102750,69416,48196
2008-04-11,644728,540848,446707,337294,220751,150375,103254,70495,48442
2008-04-18,647872,542341,447918,338314,221336,150935,103720,70858,48634
2008-04-25,649581,543802,448978,339103,222178,151434,104086,71175,48866
2008-05-02,651355,545040,449970,339876,222821,152000,104588,71450,49155
2008-05-09,653773,546190,450924,341015,223482,152619,105076,71751,49403
2008-05-16,655118,547444,451925,341939,224249,153220,105922,72147,49714
2008-05-23,656539,548811,453037,346016,224895,153697,106654,72490,50005
2008-05-30,658006,550203,454144,346998,225684,154143,106995,73022,50366
2008-06-06,659366,551444,455018,347878,226415,154715,107537,73349,50862
2008-06-13,660637,552882,455766,349862,227091,155310,107953,73666,51113
2008-06-20,662074,554555,456876,351098,227725,155876,108455,73981,51371
2008-06-27,663283,556136,457909,352010,228425,156422,108892,74411,51660
2008-07-04,665232,557360,458895,353142,229127,157015,109355,74865,51879
2008-07-11,668180,558687,460365,354190,229691,157615,109756,75253,52192
2008-07-18,669762,560154,461717,355174,230352,158112,110443,75612,52500
2008-07-25,671161,561398,462913,356073,231050,158658,110796,75970,52782
2008-08-01,672748,562613,463936,356862,231726,159207,111211,76289,53032
2008-08-08,673896,564007,465061,357754,232372,159951,111561,76641,53249
2008-08-15,675438,565192,466299,359218,233059,160697,111911,77147,53545
2008-08-22,676654,567326,467486,360336,234111,161284,112270,77417,53809
2008-08-29,678369,570072,468639,361402,234870,161770,112710,77663,54044
2008-09-05,679680,571696,469990,362463,235953,162285,113116,78096,54329
2008-09-12,681281,573006,471530,363534,236742,162830,113499,78390,54596
2008-09-19,682609,574558,473006,364637,237494,163352,113756,78792,54875
2008-09-26,684143,575616,474174,365747,238284,163922,114104,79132,55217
2008-10-03,685405,577078,475418,366825,238931,164477,114597,79467,55494
2008-10-10,687017,578238,477285,367726,239655,164844,115104,79859,55737
2008-10-17,688428,579813,478424,368600,240434,165229,115603,80315,55989
2008-10-24,689701,580930,479583,369476,241130,165793,116011,80688,56221
2008-10-31,691060,582430,480785,370413,241643,166233,116396,81078,56481
2008-11-07,692393,583794,481882,371407,242150,166763,116924,81640,56748
2008-11-14,693818,585266,483760,372344,243008,167387,117461,81990,57039
2008-11-21,695154,586504,486317,373102,243754,168036,118030,82405,57311
2008-11-28,696492,587851,487737,373761,244688,168667,118542,82854,57694
2008-12-05,697965,589135,488945,374770,245544,169227,119016,83241,57936
2008-12-12,699579,590317,490395,375664,246434,169769,119555,83581,58187
2008-12-19,701555,591582,491402,376544,247464,170468,120048,83959,58481
2008-12-26,703127,592759,492764,377847,248545,171054,120567,84335,58845
2009-01-02,704740,593914,493875,378962,249751,171649,121043,84709,59185
2009-01-09,706479,595213,495351,380046,250546,172204,121516,85115,59532
2009-01-16,708182,596505,496383,380974,251283,172825,121922,85510,59809
2009-01-23,709525,597681,497748,381864,252421,173667,122275,85936,60059
2009-01-30,710490,599264,499010,382952,253228,174173,122733,86330,60374
2009-02-06,711635,600955,500317,384047,253860,174670,123105,86722,60639
2009-02-13,713379,602577,501384,385034,254551,175164,123459,87086,60872
2009-02-20,714863,604110,502628,386203,255365,175656,123991,87526,61231
2009-02-27,716421,605533,503820,387547,256218,176239,124462,87903,61507
2009-03-06,717734,607062,504909,390038,256845,176862,124930,88324,61753
2009-03-13,719358,608217,506091,391058,257493,177450,125413,88750,62007
2009-03-20,720894,609148,507130,392208,258262,177958,126075,89186,63137
2009-03-27,722282,610278,508177,393996,259144,178478,126519,89606,63468
2009-04-10,723865,611929,509423,394962,259775,179158,126950,89939,63753
2009-04-17,725389,613348,510609,395920,260407,179689,127405,90385,64000
2009-04-24,726696,614784,511636,396808,261172,180277,127931,90826,64280
2009-05-01,728075,615994,512998,397783,261888,180906,128424,91506,64664
2009-05-08,730708,617405,514598,399312,265051,181452,128847,92129,64965
2009-05-15,732339,618783,516120,400435,265834,182118,129244,92428,65454
2009-05-22,733821,620174,517530,401541,266559,182756,129711,92920,65727
2009-05-29,735591,621578,518820,402627,267410,183312,130221,93292,66011
2009-06-05,736854,622940,520162,403679,268112,183863,130714,93731,66287
2009-06-12,738935,624024,521124,404581,268802,184479,131210,94068,66662
2009-06-19,740078,625382,521936,405625,269641,185090,131747,94466,67081
2009-06-26,741498,627742,522955,406645,270485,185596,132288,94818,67435
2009-07-03,743134,628950,524300,407793,271303,186131,132703,95405,67758
2009-07-10,744535,630400,525589,408645,272034,186730,133122,95707,68067
2009-07-17,746144,632031,526789,409652,272640,187199,133576,96066,68340
2009-07-24,747516,633164,527905,410700,273344,187795,134207,96362,68660
2009-07-31,749240,634718,529127,411635,274505,188406,134816,96643,69120
2009-08-07,750643,635771,530427,412561,275482,189357,135305,96941,69329
2009-08-14,752546,637137,531684,413679,276307,190037,135721,97308,69534
2009-08-21,754129,638601,533005,414766,277171,190948,136184,97647,69926
2009-08-28,755574,639920,534307,415727,277990,191601,136692,97975,70169
2009-09-04,757051,641441,535330,416747,278873,192217,137158,98199,70515
2009-09-11,758480,642755,536680,417656,279737,192892,137680,98511,70820
2009-09-18,759814,644339,538864,418577,280587,193457,138166,98929,71099
2009-09-25,761235,645712,540031,419744,281359,194048,138462,99355,71434
2009-10-02,762836,647423,541373,420725,282064,194721,138780,99809,71831
2009-10-09,764253,648870,542817,421633,282803,195240,139267,100171,72177
2009-10-16,765836,650173,543821,422767,283579,195654,139625,100500,72522
2009-10-23,767260,651566,545214,424172,284352,196078,140101,100979,73038
2009-10-30,769249,652922,546226,425373,285100,196666,140649,101436,73348
2009-11-06,770633,654093,547508,426462,285707,197326,141215,101950,73715
2009-11-13,772016,655480,548886,427614,286240,198146,141766,102418,74099
2009-11-20,773691,656953,550123,428799,287054,198927,142271,102832,74432
2009-11-27,775319,658319,551596,429677,287792,199707,142730,103300,74725
2009-12-04,776816,659773,552950,430352,288505,200554,143330,103742,75045
2009-12-11,778305,661092,554393,431234,289659,201506,143830,104166,75362
2009-12-18,779995,662973,555690,432349,290556,202584,144332,104581,75648
2009-12-25,781387,664246,557355,433514,291435,203294,144768,104992,75999
2010-01-01,783090,665555,558627,434526,292231,203954,145283,105345,76323
2010-01-08,784431,667108,559867,435576,292970,204940,146006,105673,76705
2010-01-15,786425,668628,561217,436581,293905,205622,146454,106086,77057
2010-01-22,787993,669842,562357,437753,294836,206189,146892,106393,77407
2010-01-29,788852,671224,563493,438861,295708,206796,147346,106689,77718
2010-02-05,789626,672819,564719,439927,296597,207473,147763,107143,78110
2010-02-12,790936,674205,565782,441050,297714,208188,148263,107543,78457
2010-02-19,792441,675789,566924,442050,299448,208739,148808,107951,78816
2010-02-26,794009,676995,568253,443264,300314,209289,149325,108362,79201
2010-03-05,795511,678360,569469,445229,301233,209942,149757,108975,79591
2010-03-12,796957,679747,571221,446309,302406,210673,150212,109378,79943
2010-03-19,798244,680536,572416,447556,303173,211227,150804,109753,80220
2010-03-26,799956,681389,573617,448753,303946,211778,151235,110145,80618
2010-04-02,801522,682619,575042,449705,304669,212406,151740,110573,80978
2010-04-09,803324,684028,576426,450965,305475,213008,152304,111004,81583
2010-04-16,804871,685473,577528,451884,306187,215967,152781,111359,82131
2010-04-23,806924,686814,578653,453078,307012,216606,153351,111705,82395
2010-04-30,808508,688132,580112,454223,307930,217214,153892,112123,82836
2010-05-07,810067,689318,581362,455257,308783,217923,154379,112564,83163
2010-05-14,811853,690877,582799,456454,309651,218552,154849,113006,83513
2010-05-21,813535,692281,583858,457663,310426,219152,155410,113451,83811
2010-05-28,815265,693871,585068,458890,311206,219846,155928,113950,84177
2010-06-04,816506,695276,586257,459975,312086,220549,156363,114434,84480
2010-06-11,817887,697102,587012,460933,313080,221212,156800,114807,85004
2010-06-18,819255,698579,587729,462003,313781,221870,157302,115171,85274
2010-06-25,820671,700105,588842,463035,314639,222413,157714,115564,85612
2010-07-02,821906,701820,590123,464216,315539,223047,158268,116157,85876
2010-07-09,823275,703428,591496,465337,316356,223979,158819,116697,86116
2010-07-16,824538,705031,592914,466335,317133,224866,159669,117098,86386
2010-07-23,826153,706254,594149,467336,318062,225600,160297,117465,86725
2010-07-30,828505,707584,595263,468318,318997,226373,161069,117897,87040
2010-08-06,829872,708924,596841,469396,319916,227116,161670,118332,87338
2010-08-13,831329,710330,598249,470533,320760,227819,162234,118717,87542
2010-08-20,832865,711601,599749,471652,321501,228582,162823,119187,87816
2010-08-27,834724,713063,601159,472892,322305,229374,163345,119623,88194
2010-09-03,836171,714386,602918,473959,323393,230079,163839,119865,88565
2010-09-10,837554,715873,604333,475065,324249,230732,164418,120126,88977
2010-09-17,839545,717971,605810,476310,325045,231347,164857,120519,89297
2010-09-24,841121,719218,607430,477476,325971,232050,165205,120826,89585
2010-10-01,843296,720546,608795,478341,327141,232713,165576,121260,90015
2010-10-08,844630,721791,610232,479402,328147,233355,166082,121722,90428
2010-10-15,846122,723190,611411,480652,328983,233890,166648,122247,90886
2010-10-22,847496,724493,612613,481801,329948,234366,167337,122753,91303
2010-10-29,849114,725731,613858,483215,330859,235077,168005,123222,91668
2010-11-05,850676,727330,615203,484218,331693,235729,168652,123653,92098
2010-11-12,852217,728803,616392,485328,332295,236343,169382,124174,92496
2010-11-19,853702,730773,617518,486301,333040,237435,170153,124585,92886
2010-11-26,855260,732027,618713,486974,333859,238248,171130,124992,93259
2010-12-03,856657,733434,620073,487748,334755,239028,171718,125391,93601
2010-12-10,858408,734775,621980,488744,335602,239719,172288,125819,93601
2010-12-17,860098,736310,623133,489936,336550,240351,173196,125819,93601
2010-12-24,861625,737631,624317,491169,337368,241189,173196,125819,93601
2010-12-31,863100,738942,625458,492303,338416,241189,173196,125819,93601
2011-01-07,864950,740347,626759,493411,338416,241189,173196,125819,93601
2011-01-14,866656,741843,627948,493411,338416,241189,173196,125819,93601
2011-01-21,868150,743177,627948,493411,338416,241189,173196,125819,93601
2011-01-28,869320,743177,627948,493411,338416,241189,173196,125819,93601
